,Neighb,Latitude,Longitude,IdVenue,Venue,Lat_venue,Long_venue,Tip_count,Rating,Likes,Photos_count,Category
0,Cañada de ceuta,36.651809837190505,-4.514195764753591,4b5b115af964a520e9e128e3,Pizzorante Bellavista,36.65201274260927,-4.512790619346746,33,6.5,32,44,Pizza Place
1,San juan-el albaricocal,36.66252897249015,-4.513345371863145,4cc2d74001fb236a3d6ba1ba,La Cónsula,36.66334470643462,-4.508297095961079,5,7.2,10,19,Mediterranean Restaurant
2,La rosaleda,36.735345875065256,-4.427376985289309,4c2e231a3a4d0f47f308e586,McDonald's,36.73394382097734,-4.431336143387885,8,5.4,13,10,Fast Food Restaurant
3,503 viviendas,36.73906615028461,-4.428161372179116,4c684e715fae20a1e83749a6,Pizzeria Picasso,36.73864332615829,-4.42281781167618,5,6.2,4,0,Burger Joint
4,Olletas,36.73313200223754,-4.415375311712063,4cc19d1ded0337049d81af23,Restaurante Nerva Café,36.729846453431946,-4.414884987256779,15,7.3,15,14,Spanish Restaurant
5,Olletas,36.73313200223754,-4.415375311712063,4c7c097f81bca0935bf50415,Valdi,36.7320684376893,-4.415390590203627,6,6.3,5,2,Sandwich Place
6,Olletas,36.73313200223754,-4.415375311712063,4c8f57efad70a1438ca3900f,Domino's Pizza,36.73339576095718,-4.4157501124285155,11,6.0,10,17,Pizza Place
7,Olletas,36.73313200223754,-4.415375311712063,4c0e9e025ab6c9b6d90ff0fe,Telepizza,36.73472709999999,-4.415827989578247,2,5.9,0,3,Pizza Place
8,Olletas,36.73313200223754,-4.415375311712063,4babe7aaf964a520eed33ae3,Burguer Don Papón,36.73505277246706,-4.4158326884549615,14,4.7,0,6,Burger Joint
9,Jardin de la abadia,36.70599007982975,-4.433653807808648,4e8625e1cc210aef909cdc6e,Chupytira,36.70360171195692,-4.434256213957099,20,8.8,40,26,Seafood Restaurant
10,Jardin de la abadia,36.70599007982975,-4.433653807808648,50fffe6ee0e2c5d3847f28f6,Asador Iñaki,36.70912103810216,-4.4338585571433535,41,8.5,72,53,Spanish Restaurant
11,Jardin de la abadia,36.70599007982975,-4.433653807808648,4cceb96ec0378cfaeb519548,Gianni Ristorante Pizzeria,36.70418278212722,-4.434078680750868,5,7.4,7,7,Italian Restaurant
12,Jardin de la abadia,36.70599007982975,-4.433653807808648,4d29c875c406721e8c207eb6,Bar Tano,36.70603542025274,-4.436848985857187,18,7.1,15,15,BBQ Joint
13,Jardin de la abadia,36.70599007982975,-4.433653807808648,4bddd6d2e75c0f477dd0c503,Cantina Mexicana Tacos,36.70432560150088,-4.434571154067436,6,6.8,7,7,Mexican Restaurant
14,Jardin de la abadia,36.70599007982975,-4.433653807808648,55b92b40498e938bc714f7ea,Gran Sushi,36.70346359868174,-4.434133958142559,9,6.4,5,12,Sushi Restaurant
15,Jardin de la abadia,36.70599007982975,-4.433653807808648,51992929498ec5c56afd45a2,Ocean's,36.7033746014035,-4.43397700010331,3,6.5,8,2,Tapas Restaurant
16,Jardin de la abadia,36.70599007982975,-4.433653807808648,4e00ffad1838cb6a1acc97e8,Chopp,36.704008001226526,-4.4338173702165475,7,6.2,7,16,Tapas Restaurant
17,Jardin de la abadia,36.70599007982975,-4.433653807808648,4f8b06e2e4b0ab5c8962545c,Cafe de Dueñas,36.70446721864647,-4.435359440386868,6,6.1,6,3,Breakfast Spot
18,Jardin de la abadia,36.70599007982975,-4.433653807808648,4c4c25d19c8d2d7f3d4bfe6b,Burguer Mortadelo,36.70572941594323,-4.435435505931747,6,6.0,7,5,Burger Joint
19,Jardin de la abadia,36.70599007982975,-4.433653807808648,4bb5da902f70c9b6c38f8430,Rocamar,36.70351684156636,-4.432415360516026,2,6.0,5,14,Spanish Restaurant
20,Jardin de la abadia,36.70599007982975,-4.433653807808648,4f92a87ee4b0324618d1343f,Chiringuito Pedro Gutiérrez,36.702066004447104,-4.433452151696068,15,6.3,12,53,Seafood Restaurant
21,Jardin de la abadia,36.70599007982975,-4.433653807808648,5028094ee4b0b57d725f6fe8,100 Montaditos,36.70364410796687,-4.433375155291965,4,5.4,7,2,Sandwich Place
22,Haza del campillo,36.725057487572634,-4.43737911517585,4d8d08ddc1b1721eec330f46,Marisquería Pelayo,36.72326899338236,-4.432404041290283,6,7.5,6,4,Seafood Restaurant
23,Haza del campillo,36.725057487572634,-4.43737911517585,4d28d939849f370416577841,Rosario's,36.721419839598205,-4.435257978414719,16,7.1,13,12,Burger Joint
24,Haza del campillo,36.725057487572634,-4.43737911517585,4e34069818a8efdb175f77ea,Carpanta,36.72723254759418,-4.437626599853941,8,6.7,4,9,Burger Joint
25,Haza del campillo,36.725057487572634,-4.43737911517585,4c7bf8a993ef236addeeb60f,Taberna Los Barrigones,36.7215230603815,-4.434672465969616,6,6.2,13,7,Tapas Restaurant
26,Haza del campillo,36.725057487572634,-4.43737911517585,4e5b6bda18388cd5cbbc340e,Café Bar Churrería La Cacería,36.72715806731288,-4.434919272302779,5,5.8,3,11,Spanish Restaurant
27,La consula,36.663992016528134,-4.510590910885625,4dce496ac65bdac7135d2722,Cafetería Churrería El Artesano,36.66380532006679,-4.505109343554513,24,8.2,41,54,Café
28,La consula,36.663992016528134,-4.510590910885625,5234d4c6498e229caa71ae70,MEDITERRANEAN bocados redondos,36.662884399363755,-4.505186282346197,2,7.5,8,3,Burger Joint
29,Ensanche centro,36.71700711342794,-4.420589585684885,5690d277498e979c7ef1b953,Santa Canela,36.716856,-4.423319,19,8.5,38,29,Breakfast Spot
30,Ensanche centro,36.71700711342794,-4.420589585684885,58e40f20326c5a26e154a24c,Kirei,36.717125,-4.420753,2,8.1,8,9,Sushi Restaurant
31,Ensanche centro,36.71700711342794,-4.420589585684885,557ec82a498e1a9642eb7421,Nacalú,36.71937,-4.420385,3,8.3,10,6,Tapas Restaurant
32,Ensanche centro,36.71700711342794,-4.420589585684885,4c25e727136d20a13754e461,Marisquería Los Mellizos,36.718752706751886,-4.420867898319624,63,7.9,108,114,Seafood Restaurant
33,Ensanche centro,36.71700711342794,-4.420589585684885,4c68563531ba2d7f8f85f772,La Reserva 12,36.71931399002083,-4.420328561421043,38,8.2,64,77,Spanish Restaurant
34,Ensanche centro,36.71700711342794,-4.420589585684885,4b9cbd43f964a5201b7936e3,Lo Güeno de Strachan,36.71967281875966,-4.420382644234151,24,8.5,37,35,Tapas Restaurant
35,Ensanche centro,36.71700711342794,-4.420589585684885,4b767cf3f964a520994e2ee3,Casa Aranda,36.718871465576996,-4.423368454721759,117,8.7,276,383,Café
36,Ensanche centro,36.71700711342794,-4.420589585684885,51407a76e4b00ccf35393df7,El Refectorium Catedral,36.71977782785468,-4.418763407617984,23,8.7,62,46,Spanish Restaurant
37,Ensanche centro,36.71700711342794,-4.420589585684885,4e26d382d16486291ba3a75d,Al Yamal - الجمال (Al Yamal),36.7158667585344,-4.422332761457828,14,7.7,17,26,Moroccan Restaurant
38,Ensanche centro,36.71700711342794,-4.420589585684885,542010f2498ec006c4128241,Mesón Ibérico,36.71475469015449,-4.4239918434387056,8,9.0,32,19,Spanish Restaurant
39,Ensanche centro,36.71700711342794,-4.420589585684885,563688d6498efb2f4dc49a58,PicNic diner&coffee,36.71585898765713,-4.423274250466957,8,7.8,14,13,Gastropub
40,Ensanche centro,36.71700711342794,-4.420589585684885,4b7f0c23f964a520a71230e3,Lo Güeno,36.719236486952845,-4.422008718875675,19,7.8,55,92,Tapas Restaurant
41,Ensanche centro,36.71700711342794,-4.420589585684885,571b6c38498eba1f33b72f74,El Cartuchito,36.71834,-4.4237123,2,7.9,6,7,Tapas Restaurant
42,Ensanche centro,36.71700711342794,-4.420589585684885,5674aaa8498eae8c7d6df549,garcía,36.720174842,-4.421708641,5,8.3,15,19,Bistro
43,Ensanche centro,36.71700711342794,-4.420589585684885,51c9f978498e83130db4b720,BĀ,36.71932056178993,-4.4204228187770225,22,7.6,19,82,Japanese Restaurant
44,Ensanche centro,36.71700711342794,-4.420589585684885,50b3bf6ce412f944ee908ff0,L'Expérience,36.72011669845731,-4.42020567714256,28,7.8,59,84,Breakfast Spot
45,Ensanche centro,36.71700711342794,-4.420589585684885,4c837ad5e602b1f7bf15a67a,Parrilla Delicatessen,36.71979307220581,-4.419120807298789,10,7.9,14,11,Spanish Restaurant
46,Ensanche centro,36.71700711342794,-4.420589585684885,4b55c31ff964a520daee27e3,Uvedoble,36.720452376471194,-4.4176913892751974,61,8.5,95,95,Mediterranean Restaurant
47,Ensanche centro,36.71700711342794,-4.420589585684885,4c40d74a520fa5932cb4c8ac,Mesón Gallego,36.7159407747413,-4.423868417174497,3,7.9,5,4,Spanish Restaurant
48,Ensanche centro,36.71700711342794,-4.420589585684885,4dd6ba2852b1a5c6443b0b97,Souvi,36.7205174149203,-4.418266842986158,14,8.3,22,20,Mediterranean Restaurant
49,Ensanche centro,36.71700711342794,-4.420589585684885,4c4adee4959220a19adcbb0e,Marisquería Casa Vicente,36.71843219602982,-4.422225073483204,26,7.3,28,64,Seafood Restaurant
50,Ensanche centro,36.71700711342794,-4.420589585684885,4ffafbf5e4b0fe7c22a7fdf2,Bertani Cafe,36.71950521229431,-4.423410158292451,12,7.9,20,32,Café
51,Ensanche centro,36.71700711342794,-4.420589585684885,54665168498eef23bccb2c9c,Recyclo BikeCafé,36.7195252982411,-4.424778273537989,35,8.3,98,77,Snack Place
52,Ensanche centro,36.71700711342794,-4.420589585684885,4ed0ff37775bbb5f338cd9d2,La Cepa,36.719705,-4.420514,4,7.2,9,7,Spanish Restaurant
53,Ensanche centro,36.71700711342794,-4.420589585684885,564f8c45498ec41abf77dbc0,El Mortal,36.71981650490356,-4.424348150148428,6,8.1,18,14,Bistro
54,Ensanche centro,36.71700711342794,-4.420589585684885,58554d4ffb549a6da2589323,Andino - Restaurante Latino,36.72029,-4.423927,3,8.1,7,13,South American Restaurant
55,Ensanche centro,36.71700711342794,-4.420589585684885,503ff41de4b06be18f39d1d4,La Cocotte,36.7197393458236,-4.421068342205961,23,7.2,48,126,Gastropub
56,Ensanche centro,36.71700711342794,-4.420589585684885,57e43fddcd102cce8bfaa4cf,Terra Mia,36.721236369409496,-4.420155927733977,13,8.0,20,21,Italian Restaurant
57,Ensanche centro,36.71700711342794,-4.420589585684885,554d1d6d498eafc260542ab4,mura mura,36.721383248650106,-4.419819019066822,6,7.5,8,11,Gastropub
58,Ensanche centro,36.71700711342794,-4.420589585684885,50796ed7e4b0eb8b8395f8b8,Los Hidalgos,36.721284124040665,-4.419628112076311,6,7.6,7,7,Spanish Restaurant
59,Ensanche centro,36.71700711342794,-4.420589585684885,4e614e1262e13e3bce26b8ac,Bar Málaga,36.72117179734476,-4.421331010413341,7,7.3,9,17,Spanish Restaurant
60,Ensanche centro,36.71700711342794,-4.420589585684885,4d72bfd8bce5721eff20d315,La Burguesita Malaga,36.72046000154842,-4.42130540967275,35,7.2,33,38,Burger Joint
61,Ensanche centro,36.71700711342794,-4.420589585684885,501e3d91e4b075c1f07c0efd,Kaleido Málaga Port,36.71818509037491,-4.415914219400699,24,7.3,58,137,Spanish Restaurant
62,Ensanche centro,36.71700711342794,-4.420589585684885,4f4a2e05e4b0962089405128,el gallo ronco,36.721024216800465,-4.420796984746503,10,7.5,20,37,Spanish Restaurant
63,Ensanche centro,36.71700711342794,-4.420589585684885,5225dd76498efda4d8a7d761,Bar Cafetería El Yerno,36.718471915192396,-4.42436079663616,3,6.9,6,17,Tapas Restaurant
64,Ensanche centro,36.71700711342794,-4.420589585684885,4b9188c7f964a52087c333e3,Garum,36.720632371115386,-4.417299488114712,10,7.1,18,20,Spanish Restaurant
65,Ensanche centro,36.71700711342794,-4.420589585684885,529f935811d2629465842907,Nuevo Okami,36.7205302814401,-4.4179122181507235,17,6.6,25,27,Japanese Restaurant
66,Ensanche centro,36.71700711342794,-4.420589585684885,4daf389fa86e9639ef484cd8,La Tertulia,36.72045478806608,-4.417567692133005,11,5.0,13,13,Tapas Restaurant
67,Carranque,36.717844393750454,-4.4455833459604905,4db1e0e3a86e63d21175ccf9,Casa Jacinto,36.71833874736903,-4.4402220564931145,6,8.2,16,12,Seafood Restaurant
68,Carranque,36.717844393750454,-4.4455833459604905,4d84b7b302eb548160e333f5,La Cantina,36.72137665464397,-4.444693789523576,15,7.7,11,35,Seafood Restaurant
69,Carranque,36.717844393750454,-4.4455833459604905,4d26221f83ee6ea8273d45e7,Eladio Campero,36.71760688373797,-4.440566338604635,8,6.8,14,14,Burger Joint
70,Carranque,36.717844393750454,-4.4455833459604905,4c6a77358d22c92851c5b945,Mesón El Martinete,36.72183117370453,-4.4454433134926985,5,6.3,5,4,Spanish Restaurant
71,Carranque,36.717844393750454,-4.4455833459604905,4ce6ddf4d99f721e0f8ba673,Livraria,36.721620309528774,-4.446388879269012,10,5.7,3,8,Café
72,Carranque,36.717844393750454,-4.4455833459604905,4c080cb1009a0f47247de5bf,La Caña de España,36.721877866153584,-4.445540180893552,11,5.4,6,8,Tapas Restaurant
73,Cruz del humilladero,36.712948051286936,-4.44119176548121,4dfe5d18aeb7ea26f9abb036,Burger Kebab,36.7135387099502,-4.4392606257357965,12,7.9,12,13,Burger Joint
74,Cruz del humilladero,36.712948051286936,-4.44119176548121,524ad373498ec93429dc3ced,La Alvaroteca,36.71332539490465,-4.439399584409468,21,7.4,28,44,Tapas Restaurant
75,Cruz del humilladero,36.712948051286936,-4.44119176548121,4c7129af344437042512265f,El Pavone,36.71432030802544,-4.4391094214144315,5,7.2,11,4,Italian Restaurant
76,Cruz del humilladero,36.712948051286936,-4.44119176548121,4c4ae3735609c9b637df5490,Restaurante Los Marfiles,36.71527360919625,-4.4382704565900175,15,7.5,25,19,Spanish Restaurant
77,Cruz del humilladero,36.712948051286936,-4.44119176548121,4d57b2ed1901224b00f581a6,Cafetería Los Villares,36.71045935347346,-4.440771146421924,3,7.3,11,11,Café
78,Cruz del humilladero,36.712948051286936,-4.44119176548121,4bb88c881261d13a1db0e898,La Cresta,36.71309517101065,-4.438154207681725,8,7.2,18,31,Spanish Restaurant
79,Cruz del humilladero,36.712948051286936,-4.44119176548121,4c7822ea794e224b1e266128,Burguer Dallas,36.71294371170928,-4.4359620770530075,8,6.5,6,1,Burger Joint
80,Sierra blanquilla,36.73568105213685,-4.406841648864599,4ee0b04ee5e84b831818cddd,Restaurante Los Años Locos,36.73269634921071,-4.403375386973494,17,4.8,1,3,Argentinian Restaurant
81,Jardin de malaga,36.74970568534458,-4.415851515533167,4c2a39b5ae6820a19efc1543,Bar Caribe Restaurante,36.74606512111582,-4.417598511433326,7,8.0,11,1,Spanish Restaurant
82,Jardin de malaga,36.74970568534458,-4.415851515533167,4c1166c86e5dc9b65d0bb02d,Los Curros,36.75088848698516,-4.420762672017052,20,8.1,34,21,BBQ Joint
83,Jardin de malaga,36.74970568534458,-4.415851515533167,4c7eace3d860b60cb0a45e9d,Mexicano Veracruz,36.749171971300484,-4.419297375777094,4,7.0,11,12,Mexican Restaurant
84,El palo,36.72152966690239,-4.359779985406044,4e6383341495676d563092ee,Restaurante Juanito Juan,36.71959223595945,-4.362009647856657,14,8.5,20,16,Seafood Restaurant
85,El palo,36.72152966690239,-4.359779985406044,4c5c642e2815c928e8edb167,El Pimpi Florida,36.72093924203281,-4.358295642727084,29,7.5,35,73,Spanish Restaurant
86,El palo,36.72152966690239,-4.359779985406044,4bdd6138645e0f4708606b19,El Cenacho,36.7190823239614,-4.361930099545819,7,7.9,6,13,Paella Restaurant
87,El palo,36.72152966690239,-4.359779985406044,4bbf8d922a89ef3b231fef88,Viva Maria,36.72078307606972,-4.364471274425827,25,8.1,22,28,Tapas Restaurant
88,El palo,36.72152966690239,-4.359779985406044,4c2db5a9260bc92898681ad3,El Zagal,36.71913899952834,-4.363359356334861,12,7.9,30,42,Spanish Restaurant
89,El palo,36.72152966690239,-4.359779985406044,4ca790a7d971b1f752a50be1,La Casa de la Pasta,36.72119985692336,-4.36298663821088,13,7.4,13,25,Italian Restaurant
90,El palo,36.72152966690239,-4.359779985406044,4c6d9604a437224b1a802db1,Hamburguesería Maruchi,36.719006533095126,-4.359867028987162,7,7.1,9,2,Burger Joint
91,El palo,36.72152966690239,-4.359779985406044,4ca78d1db0b8236a9da9aae6,Mesón Tobalo's,36.71989695862149,-4.363908174822689,3,7.1,11,9,Spanish Restaurant
92,El palo,36.72152966690239,-4.359779985406044,4d441a30bbb1a143385b4272,Gabi,36.71909689791195,-4.3615595379858965,8,6.8,18,23,Mediterranean Restaurant
93,El palo,36.72152966690239,-4.359779985406044,4bdc17b763c5c9b6a3602a68,Cafeteria El Sauce,36.72135860671994,-4.364380434602218,9,5.9,4,8,Breakfast Spot
94,El palo,36.72152966690239,-4.359779985406044,4c77b36f923ba143ddc267e6,Telepizza,36.71981997367333,-4.364171859734371,1,5.8,3,6,Pizza Place
95,El palo,36.72152966690239,-4.359779985406044,4caf9a9bef1b370450cd3300,Vinums,36.71982944686799,-4.363602602861277,14,5.8,6,13,Tapas Restaurant
96,El palo,36.72152966690239,-4.359779985406044,52c4215b11d2ac4fe3f760b8,Restaurante Hermanos Alba,36.719931,-4.363731,6,5.9,5,12,Mediterranean Restaurant
97,La cizaña,36.649304182505325,-4.478444464772934,4c508d099426c9281e534972,Chiringuito Miguel,36.64739,-4.474836587905884,8,7.2,5,15,Seafood Restaurant
98,La cizaña,36.649304182505325,-4.478444464772934,4e16ef8945ddc623eb0d5220,Chiringuito-Playa El Sardiná,36.64649964772778,-4.475802143366076,6,6.3,13,36,Seafood Restaurant
99,Parq emp perez texeira,36.705051866488574,-4.4662967933625595,4e3efde1d164b52911c1db93,Burger King,36.70632997924054,-4.470459697565624,10,5.5,13,18,Fast Food Restaurant
100,Sagrada familia,36.74442803204122,-4.423788646713953,4bdd87b34ffaa5931b966ff7,El Marisqueo de Wiki,36.746783337424006,-4.420547486207164,9,5.7,3,11,Seafood Restaurant
101,Miramar del palo,36.719140206208614,-4.353082626183397,4c824abce602b1f7ea8d9a7a,Restaurante Antonio,36.71744983157053,-4.351145141218746,7,8.4,25,19,Seafood Restaurant
102,Miramar del palo,36.719140206208614,-4.353082626183397,51572c0ee4b0226ab0ebf2bf,Terral Burger & Drinks,36.71725430977312,-4.350251636206688,6,7.7,19,23,Gastropub
103,Miramar del palo,36.719140206208614,-4.353082626183397,4db4153a6e8179a913760a38,El Deo,36.71726610170844,-4.350595915840616,4,6.4,6,11,Seafood Restaurant
104,Miramar del palo,36.719140206208614,-4.353082626183397,4bd30d989854d13aafbdfc4d,Victoria,36.71721,-4.349513053894043,5,6.3,10,5,Seafood Restaurant
105,Miramar del palo,36.719140206208614,-4.353082626183397,4c5bdaf8857ca5937675c8cb,Restaurante El Pescador,36.71705214815638,-4.349194834484877,5,6.3,4,13,Seafood Restaurant
106,Miramar del palo,36.719140206208614,-4.353082626183397,4cfaaf467945224b58a481e7,El Palo,36.71980286651625,-4.353434566845148,2,4.9,2,9,Burger Joint
107,Centro historico,36.72071959691778,-4.421059456825723,57330f77498ec2a4fab3bc40,Mia coffee shop,36.72224671860295,-4.422652925397896,27,9.4,46,35,Café
108,Centro historico,36.72071959691778,-4.421059456825723,537370da498ebf270bb1b4f5,Dulces Dreams Café Gallery,36.72232661993092,-4.4225882218008,7,8.9,23,12,Café
109,Centro historico,36.72071959691778,-4.421059456825723,5a43f52b7918710289236f3b,Pampa Grill,36.72151837772957,-4.420830692998769,8,8.3,14,11,Argentinian Restaurant
110,Centro historico,36.72071959691778,-4.421059456825723,4c87967f51ada1cdb0094910,Casa Lola,36.72206533497648,-4.418997870539572,80,9.0,170,128,Tapas Restaurant
111,Centro historico,36.72071959691778,-4.421059456825723,50b3b20ae4b0373657dd6e80,Taste of America,36.72287535031554,-4.421510129506755,147,8.7,145,151,Deli / Bodega
112,Centro historico,36.72071959691778,-4.421059456825723,4cc97848e7926dcb5f9f5c77,La Cosmopolita,36.72195919108497,-4.419889979582002,50,8.3,61,129,Mediterranean Restaurant
113,Centro historico,36.72071959691778,-4.421059456825723,4da4279a22a5f04dba063255,Madeinterranea Food and Wine,36.72252969084648,-4.420252657425305,26,8.0,42,78,Spanish Restaurant
114,Centro historico,36.72071959691778,-4.421059456825723,57a49562498effbd324dfb0e,eboka,36.72107,-4.4180336,8,8.1,13,17,Comfort Food Restaurant
115,Centro historico,36.72071959691778,-4.421059456825723,4e469687887781a619ac0fe4,Taberna Cofrade Las Merchanas,36.72266135196224,-4.422267286533801,32,8.2,74,70,Tapas Restaurant
116,Centro historico,36.72071959691778,-4.421059456825723,4c8513ffee6fef3bde9a395c,Dunkin' Coffee,36.7220207441219,-4.419306219614958,7,7.6,26,78,Donut Shop
117,Centro historico,36.72071959691778,-4.421059456825723,4beb03f262c0c9285896e1d4,La Campana,36.7218685526928,-4.419618048518371,26,7.6,36,69,Spanish Restaurant
118,Centro historico,36.72071959691778,-4.421059456825723,4b52ffc2f964a5203f8c27e3,Mesón Mariano,36.72263,-4.41995,13,7.9,25,26,Spanish Restaurant
119,Centro historico,36.72071959691778,-4.421059456825723,4f76f655e4b0b96439e66276,Los Gatos,36.722336,-4.419815,112,7.7,197,218,Spanish Restaurant
120,Centro historico,36.72071959691778,-4.421059456825723,4b62d82af964a52023552ae3,Samarkanda,36.722417,-4.419501,6,8.0,6,4,Middle Eastern Restaurant
121,Centro historico,36.72071959691778,-4.421059456825723,4bb661a7f562ef3b65113097,Mesón Astur,36.72194096353303,-4.4209050066888835,25,7.8,38,33,Spanish Restaurant
122,Centro historico,36.72071959691778,-4.421059456825723,51545633e4b0f865ac3b49d7,El Mesón de Cervantes,36.724031554715296,-4.41997173822235,167,9.2,322,198,Tapas Restaurant
123,Centro historico,36.72071959691778,-4.421059456825723,4ea93e799adf64e06c472db1,El Almacén del Indiano,36.720785578671894,-4.424144752029212,3,8.0,6,18,Deli / Bodega
124,Centro historico,36.72071959691778,-4.421059456825723,4d1ceb6e0901721e8b0174a5,Los Tres Caracoles,36.72316913089422,-4.420944076775828,3,8.0,10,10,Tapas Restaurant
125,Centro historico,36.72071959691778,-4.421059456825723,4b886133f964a52082f331e3,El Pimpi,36.72169493732647,-4.417351235910856,448,8.5,1254,1466,Tapas Restaurant
126,Centro historico,36.72071959691778,-4.421059456825723,577183b9498ef7463bdc6707,21 Bou,36.72181586969126,-4.420671179417695,2,7.8,17,15,Diner
127,Centro historico,36.72071959691778,-4.421059456825723,4bedb1f7a40fc928345c820c,El Tapeo de Cervantes,36.723929,-4.419261,96,8.9,166,151,Tapas Restaurant
128,Centro historico,36.72071959691778,-4.421059456825723,5784043b498e4d3632eb106d,Ciao Carreteria 69,36.723747,-4.422696,9,8.4,17,14,Pizza Place
129,Centro historico,36.72071959691778,-4.421059456825723,51812a08498e85106c80b89a,Tejeringo's Coffee,36.7230569081028,-4.420836975523713,39,7.8,76,101,Café
130,Centro historico,36.72071959691778,-4.421059456825723,5a9bf2979f8a9f308338e5e0,Casa Lola,36.71967376365146,-4.42048913645738,6,7.1,12,18,Spanish Restaurant
131,Centro historico,36.72071959691778,-4.421059456825723,4c11524ed917c928fa85b562,La Catedral del Pescaito,36.72148427612376,-4.419977312631435,10,7.6,14,17,Seafood Restaurant
132,Centro historico,36.72071959691778,-4.421059456825723,53ab1c21498e89b5023bab3d,kgb,36.72044659901826,-4.42121499869209,15,7.5,32,47,Bistro
133,Centro historico,36.72071959691778,-4.421059456825723,56e326b2498ed68a8d77bdb3,Black Label - Urban Grill,36.723596833395035,-4.4191759666567245,3,7.7,7,6,Steakhouse
134,Centro historico,36.72071959691778,-4.421059456825723,54d3d661498e0eec3732b017,Batik,36.72221489178558,-4.417016179272806,34,8.5,64,77,Mediterranean Restaurant
135,Centro historico,36.72071959691778,-4.421059456825723,4c13e4c97f7f2d7f17f0df68,Cortijo de Pepe,36.722946735506184,-4.417668467996575,39,8.0,72,87,Mediterranean Restaurant
136,Centro historico,36.72071959691778,-4.421059456825723,4c2ba8ced1a10f475a4bf864,Las Papas del Museo,36.721990330898564,-4.418338513466658,12,7.7,21,43,Spanish Restaurant
137,Centro historico,36.72071959691778,-4.421059456825723,516c3e1ce4b06b42beaf1d0f,Taberna del Siglo,36.721607033204236,-4.420152316768928,15,7.5,56,81,Gastropub
138,Centro historico,36.72071959691778,-4.421059456825723,4c38718e93db0f47bc872192,El Vegetariano de la Alcazabilla,36.722083477249605,-4.4170273328862555,13,8.2,26,28,Vegetarian / Vegan Restaurant
139,Centro historico,36.72071959691778,-4.421059456825723,4cb37a8239458cfafea11aa0,El Farolito,36.723395651193364,-4.420132720261378,9,7.6,20,23,Argentinian Restaurant
140,Centro historico,36.72071959691778,-4.421059456825723,572f90d1498e6743a5e92255,el gastronauta,36.72170953652926,-4.419430612314461,7,7.5,15,17,Gastropub
141,Centro historico,36.72071959691778,-4.421059456825723,5690216d498eff7b08f303c6,Terral Gastrobar,36.72041820133324,-4.421101212501526,17,7.1,8,24,Tapas Restaurant
142,Centro historico,36.72071959691778,-4.421059456825723,4c17ea15834e2d7feb152880,La Quesería,36.721406940721344,-4.420978209737844,18,7.3,28,35,Spanish Restaurant
143,Centro historico,36.72071959691778,-4.421059456825723,520f915211d2d7de4236819a,Puro Pescaito,36.723354924745365,-4.421153690465709,20,7.5,31,28,Seafood Restaurant
144,Centro historico,36.72071959691778,-4.421059456825723,50c3572ae4b070f4c214bf6d,La Bouganvilla,36.72179481934187,-4.420554068105878,20,7.3,64,72,Spanish Restaurant
145,Centro historico,36.72071959691778,-4.421059456825723,4bc5b7e05935c9b6d73ba6d2,Café Central,36.72113569911789,-4.421727054668476,38,7.3,100,249,Café
146,Centro historico,36.72071959691778,-4.421059456825723,4ccc2b4f566aa0936f841ffd,Quitapenas,36.72124530039973,-4.421086323873183,10,7.4,16,31,Spanish Restaurant
147,Centro historico,36.72071959691778,-4.421059456825723,58e65df692ca4c27d962556a,Gloria Hoyos Café Bar,36.724068,-4.4217787,3,7.9,8,6,Gastropub
148,Centro historico,36.72071959691778,-4.421059456825723,58a0d92c72714f7d353e1407,La Sole del Pimpi,36.721893,-4.417894,3,7.6,9,8,Spanish Restaurant
149,Centro historico,36.72071959691778,-4.421059456825723,4c363ce993db0f47b1ba1d92,Restaurante Libanés,36.722427,-4.419685,9,7.3,6,7,Moroccan Restaurant
150,Centro historico,36.72071959691778,-4.421059456825723,4c534661f5f3d13a29ae35f8,Matahambre,36.722180032944514,-4.420726153272953,93,7.3,178,124,Tapas Restaurant
151,Centro historico,36.72071959691778,-4.421059456825723,4cffa3730457b1f720fa2c78,El Jardín,36.72058690768484,-4.418769039121131,12,7.2,29,44,Spanish Restaurant
152,Centro historico,36.72071959691778,-4.421059456825723,4b78149df964a520e7b42ee3,Cafe de L'abuela,36.72123816373455,-4.419004931781911,11,7.2,20,25,Café
153,Centro historico,36.72071959691778,-4.421059456825723,52a4731411d24137067d4315,Ciao,36.72180728313589,-4.419842214449999,17,7.3,37,43,Pizza Place
154,Centro historico,36.72071959691778,-4.421059456825723,4b877dc4f964a520cbc031e3,Café Madrid,36.72187089298663,-4.420575484285011,13,7.2,34,81,Café
155,Centro historico,36.72071959691778,-4.421059456825723,4e5fe8168877954de718d30e,Pizzeria La Romántica,36.723969076038614,-4.4193975909442385,16,7.8,18,22,Pizza Place
156,Centro historico,36.72071959691778,-4.421059456825723,54b79d34498e9197e0ecd3d1,Rey Negro Caffe,36.71964981228351,-4.4204871988951675,4,6.8,7,4,Breakfast Spot
157,Centro historico,36.72071959691778,-4.421059456825723,4b7d4506f964a5209bb52fe3,Restaurante Vino Mío,36.72435942611007,-4.418924619451227,67,8.2,81,147,Spanish Restaurant
158,Centro historico,36.72071959691778,-4.421059456825723,558f0abc498e2d2a21511a98,Vinería Cervantes,36.72404427110153,-4.41931951714515,15,7.1,27,8,Tapas Restaurant
159,Centro historico,36.72071959691778,-4.421059456825723,4d03f05d26adb1f7bc8ccf70,Meson Santiago Sedeño,36.72127,-4.420326,3,7.1,10,15,Tapas Restaurant
160,Centro historico,36.72071959691778,-4.421059456825723,4bad41d8f964a520d13e3be3,El Lechuga,36.72307644065269,-4.417577084037909,35,7.8,47,67,Salad Place
161,Centro historico,36.72071959691778,-4.421059456825723,4befb0891f17ef3bf8ac9bc8,Calafate,36.7227201393375,-4.422773429091549,28,7.3,38,29,Vegetarian / Vegan Restaurant
162,Centro historico,36.72071959691778,-4.421059456825723,549593e7498e91fedc4802f6,La Brujhada,36.721430370502944,-4.418658516029738,6,7.1,5,8,French Restaurant
163,Centro historico,36.72071959691778,-4.421059456825723,4b7562bef964a52093092ee3,Clandestino,36.72233331424432,-4.419334972114971,37,6.9,30,64,Mediterranean Restaurant
164,Centro historico,36.72071959691778,-4.421059456825723,4b6f2dbef964a52058e22ce3,El Gato con Bota,36.722137105932404,-4.417496756657231,16,7.2,16,18,Tapas Restaurant
165,Centro historico,36.72071959691778,-4.421059456825723,4d5fd5625c39b1f79a75fc49,Citron Bar & Restaurant,36.723399989477485,-4.418107279978821,25,7.2,34,48,Mediterranean Restaurant
166,Centro historico,36.72071959691778,-4.421059456825723,516be331e4b0c356f3cf854d,La Taberna del Pintxo,36.718733205894885,-4.422024441391338,27,7.0,52,67,Tapas Restaurant
167,Centro historico,36.72071959691778,-4.421059456825723,589a182aaf5c1433cf4c4abd,Nic Pic,36.724064,-4.418208,5,7.8,8,1,New American Restaurant
168,Centro historico,36.72071959691778,-4.421059456825723,54909375498e057c5067137e,Restaurante Arigato,36.722510831752935,-4.4201561529789055,11,6.8,14,7,Japanese Restaurant
169,Centro historico,36.72071959691778,-4.421059456825723,4fe35315e4b0179c631d1940,Isabella Taller de Cocina,36.7225084915136,-4.419491290692025,5,7.1,12,79,Mediterranean Restaurant
170,Centro historico,36.72071959691778,-4.421059456825723,4eb52766991165b762448586,Pescaito Frito,36.718193557523655,-4.424183440538287,5,7.2,7,36,Seafood Restaurant
171,Centro historico,36.72071959691778,-4.421059456825723,4bae81b4f964a520b2ba3be3,Café con Libros,36.72353634914174,-4.417114348511786,78,7.3,113,185,Café
172,La merced,36.724487246299134,-4.4188605342624685,4bd5f35a7b1876b08bb08b86,Cañadú,36.723394732583465,-4.417033686672064,39,7.7,53,53,Vegetarian / Vegan Restaurant
173,La merced,36.724487246299134,-4.4188605342624685,559ecf86498e4096ae2b3535,La Luz de Candela,36.725008,-4.420545,3,7.6,6,3,Spanish Restaurant
174,La merced,36.724487246299134,-4.4188605342624685,4cfc16b3c6cca35de8d68f32,La Tapería de Sybaris,36.72386449366125,-4.419561883654177,13,7.2,21,25,Tapas Restaurant
175,La merced,36.724487246299134,-4.4188605342624685,5131fe32e4b0ba071cc53e0c,Osteria Angelino del 1899,36.724647249560654,-4.419894377276811,11,7.4,18,7,Italian Restaurant
176,La merced,36.724487246299134,-4.4188605342624685,4b8bcc8cf964a520f2ab32e3,Calle de Bruselas,36.72370256371235,-4.417584034658812,26,7.1,43,73,Café
177,La merced,36.724487246299134,-4.4188605342624685,55a39907498e1ef2f00729bc,La Taberna del Pintxo - Alcazaba,36.722245644308146,-4.417045712471008,4,7.4,8,5,Tapas Restaurant
178,La merced,36.724487246299134,-4.4188605342624685,500568a9e4b00f838222276e,El Carpintero,36.7225026733777,-4.418969352318389,7,7.4,6,6,Spanish Restaurant
179,La merced,36.724487246299134,-4.4188605342624685,54c4c977498ee5614398b075,"La Plaza ""Alcazabilla""",36.72173945628795,-4.417303472432485,6,7.5,21,21,Mediterranean Restaurant
180,La merced,36.724487246299134,-4.4188605342624685,58f39207419a9e0b7f5ca084,100 Montaditos,36.72217044149716,-4.417110010688755,2,6.9,6,5,Sandwich Place
181,La merced,36.724487246299134,-4.4188605342624685,4db170de4df03036e8cdddd1,Ágora,36.72248066683318,-4.417014958838622,18,7.2,18,44,Greek Restaurant
182,La merced,36.724487246299134,-4.4188605342624685,4ef5d3cb9adf7bbf8749e6d5,La Plaza,36.72374626496869,-4.417281746864319,31,6.9,37,98,Tapas Restaurant
183,La merced,36.724487246299134,-4.4188605342624685,4c3ef0440e0d0f47b52c167f,Bodeguita El Gallo,36.72170727761841,-4.418435039884189,13,7.1,28,23,Spanish Restaurant
184,La merced,36.724487246299134,-4.4188605342624685,4bbd9696a8cf76b078f3b1fd,Cafetería La Victoria,36.72582,-4.414529,3,7.2,6,5,Café
185,La merced,36.724487246299134,-4.4188605342624685,5679ceb1498e720a4435faf4,La Calle,36.72250562427653,-4.422394620412665,5,7.0,8,10,Burger Joint
186,La merced,36.724487246299134,-4.4188605342624685,5662e7fb498e897cbddb1c22,Beher,36.721632136085205,-4.420221371256198,2,6.9,9,12,Tapas Restaurant
187,La merced,36.724487246299134,-4.4188605342624685,4d6810467579224b7cf9079a,Tepito,36.722325887417654,-4.422568605698645,6,7.3,17,15,Mexican Restaurant
188,La merced,36.724487246299134,-4.4188605342624685,59e5231f3c858d1155427741,TGB - The Good Burguer,36.72255,-4.417186,2,6.5,3,15,Burger Joint
189,La merced,36.724487246299134,-4.4188605342624685,4c12b91aa9c220a17a86549d,Trattoria Lorenzo,36.72327787686543,-4.417837825417654,19,6.1,20,34,Italian Restaurant
190,La merced,36.724487246299134,-4.4188605342624685,4ccf1c77aa25a35d7170240f,Mediterraneo I,36.72215279746962,-4.417575478503592,10,6.3,4,4,Moroccan Restaurant
191,La merced,36.724487246299134,-4.4188605342624685,4bbb4bddb35776b0e7c4cb01,El Carmen,36.72337533519753,-4.416861260160047,21,6.1,38,168,Sandwich Place
192,La merced,36.724487246299134,-4.4188605342624685,5827873627e8a32a798c4f57,Burger King,36.72223,-4.417142,0,5.7,0,0,Fast Food Restaurant
193,El ejido,36.72836486820439,-4.4181537797002,4dbbd353cda109aa6c8b3269,Bar El Caracol,36.72871065643325,-4.414318156297497,13,7.7,8,11,Café
194,Lagunillas,36.72563640195981,-4.416742562936597,547e0b2a498e29ea03ddd89a,Raff tapas & bar,36.72243399879382,-4.419695541990635,6,6.8,22,13,Tapas Restaurant
195,Vega de oro,36.65796661657205,-4.473676718082422,5412127b498e2efbb5913ee7,Tako-away,36.657088964539184,-4.478875652767505,12,7.1,13,15,Taco Place
196,Vega de oro,36.65796661657205,-4.473676718082422,5492e09c498e25e66de25c38,La Tagliatella,36.656555204,-4.478377157,3,6.6,11,16,Italian Restaurant
197,Vega de oro,36.65796661657205,-4.473676718082422,4df087351fc76cfdeb7d0baf,Taco Bell,36.656874207703375,-4.478722581176811,41,6.6,48,82,Fast Food Restaurant
198,Vega de oro,36.65796661657205,-4.473676718082422,4c40c4a6af052d7fc1527c79,Burger King,36.65698455321944,-4.478497839269331,5,6.4,17,18,Fast Food Restaurant
199,Vega de oro,36.65796661657205,-4.473676718082422,4c08fd246071a5934f0fdd32,A La Turca,36.656763184798486,-4.478770676020749,3,6.2,5,4,Falafel Restaurant
200,Vega de oro,36.65796661657205,-4.473676718082422,4c2cea93ae6820a1701b1a43,Lizarran,36.65729348667464,-4.478784306633035,11,6.2,14,16,Tapas Restaurant
201,Vega de oro,36.65796661657205,-4.473676718082422,4df21833b0fb807158bc7792,Pans & Company,36.65664992637438,-4.478776479143773,0,6.4,5,2,Sandwich Place
202,Vega de oro,36.65796661657205,-4.473676718082422,4bb3014742959c74dd7c212c,Croissant Café,36.65672075225053,-4.478848171065856,10,5.6,6,13,Café
203,Vega de oro,36.65796661657205,-4.473676718082422,4b59ec2bf964a52026a128e3,Dunkin' Coffee,36.65614167356178,-4.477651177048845,8,5.6,10,32,Donut Shop
204,Vega de oro,36.65796661657205,-4.473676718082422,4dfd20ccb0fb84d7ace2c666,La Sartén de La Abuela,36.65728544777341,-4.478791938417645,7,5.5,11,20,Spanish Restaurant
205,Vega de oro,36.65796661657205,-4.473676718082422,4b6c7fc0f964a520fd3e2ce3,100 Montaditos,36.657184892215646,-4.478767626525764,18,5.3,18,40,Sandwich Place
206,Vega de oro,36.65796661657205,-4.473676718082422,50561458e4b0feb29ab9032e,El Rincón del Café,36.657157137010266,-4.478647008118623,6,5.3,8,17,Café
207,Vega de oro,36.65796661657205,-4.473676718082422,4bea936d6295c9b624878608,McDonald's,36.65659567166733,-4.478797426095886,6,5.3,13,43,Fast Food Restaurant
208,Vega de oro,36.65796661657205,-4.473676718082422,4df341ea22718759f81f2180,Gambrinus,36.65714506639297,-4.478846736881817,9,5.1,6,36,Spanish Restaurant
209,Vega de oro,36.65796661657205,-4.473676718082422,4f4bf356e4b042bae09dc3a4,Chopp,36.65707448256846,-4.478872729429669,26,4.6,13,27,Tapas Restaurant
210,Playa virginia,36.71823011687678,-4.350290948404883,4c55860a4623be9afef39bf4,El Tintero,36.716837732329935,-4.3481801876040596,91,7.9,163,201,Seafood Restaurant
211,Pol alameda,36.71717752318704,-4.435773848978432,4bb503a20fb7b713f7d2bf8a,La Tagliatella,36.71529810299304,-4.431495020119185,48,8.1,80,64,Italian Restaurant
212,Pol alameda,36.71717752318704,-4.435773848978432,4d4428ce1928a35d89b4b570,El Figón de Juan,36.718844316555874,-4.434314866368557,6,7.0,5,6,Spanish Restaurant
213,Pol alameda,36.71717752318704,-4.435773848978432,4e876da85c5cfd1dcc657cea,Domino's Pizza,36.713960937494754,-4.433263066506208,1,7.5,11,8,Pizza Place
214,Pol alameda,36.71717752318704,-4.435773848978432,4c9d1c56542b224b35d8e69f,El Despachito de Gloria,36.71814033346001,-4.431301391030537,15,7.1,23,27,Spanish Restaurant
215,Pol alameda,36.71717752318704,-4.435773848978432,4cb027f6cbab236a6e229e73,El Secreto,36.713690754890834,-4.4333764116754,13,7.1,8,34,Café
216,Pol alameda,36.71717752318704,-4.435773848978432,4f6630cee4b0fb96f7635ee1,El Capricho,36.71375,-4.433398,7,6.9,4,5,Turkish Restaurant
217,Pol alameda,36.71717752318704,-4.435773848978432,4bffe07bf61ea59367e3ea13,Pans & Company,36.71445410473761,-4.432498621968396,4,6.4,13,16,Sandwich Place
218,Pol alameda,36.71717752318704,-4.435773848978432,4d8c8c4dc1b1721ee0e20246,Telepizza,36.71608654896498,-4.433073647208367,2,5.8,1,1,Pizza Place
219,Pol alameda,36.71717752318704,-4.435773848978432,4c7c1c5081bca093792b0515,Telepizza,36.719414935099635,-4.434535630733946,2,5.7,3,2,Pizza Place
220,Pol alameda,36.71717752318704,-4.435773848978432,4fdcd551e4b01d23393a9ecb,Sushimore,36.71441706111804,-4.432355059822095,12,5.6,13,20,Sushi Restaurant
221,La malagueta,36.717539390751284,-4.4111359330223365,554a3a86498e315a27eba3f6,El merendero de Antonio Martín,36.71768695322035,-4.4098349947243785,10,8.4,23,75,Spanish Restaurant
222,La malagueta,36.717539390751284,-4.4111359330223365,5777cfb9498ec5cc170608b9,La Tagliatella,36.718176336415915,-4.412743653498858,3,8.0,10,8,Italian Restaurant
223,La malagueta,36.717539390751284,-4.4111359330223365,5800e82b38fad39b2b1b7990,La Canasta,36.719542175113226,-4.412010230753178,5,7.9,25,12,Bakery
224,La malagueta,36.717539390751284,-4.4111359330223365,4c052b7a187ec928fa01b87b,Refectorium,36.71993491057536,-4.4100655735597565,19,8.1,32,30,Mediterranean Restaurant
225,La malagueta,36.717539390751284,-4.4111359330223365,5206500c2fc6f10bed61b77d,Dunkin' Coffee,36.71858016883829,-4.413579224263516,3,7.9,16,24,Donut Shop
226,La malagueta,36.717539390751284,-4.4111359330223365,4bce2c58ef1095215da68386,Pizza Pino,36.718536039127954,-4.410413855797859,18,7.6,20,19,Pizza Place
227,La malagueta,36.717539390751284,-4.4111359330223365,4fbbd7bbe4b0766311f1d684,Small Cafe,36.71859721972159,-4.413358981853604,10,7.8,21,43,Café
228,La malagueta,36.717539390751284,-4.4111359330223365,4b71c4fef964a520695b2de3,La Casita de la Patata,36.717401093886686,-4.4123864446616325,6,7.5,8,17,Fast Food Restaurant
229,La malagueta,36.717539390751284,-4.4111359330223365,5343b404498e2019b2929708,El Tres Alta Cocina Clásica,36.71816071174876,-4.40950870513916,6,7.3,5,22,Spanish Restaurant
230,La malagueta,36.717539390751284,-4.4111359330223365,4eeafd78aa1f66e35aa36edc,Lounge Bar Plaza,36.71552888425584,-4.4142021194573084,11,7.8,39,48,Café
231,La malagueta,36.717539390751284,-4.4111359330223365,5c8b95861ffed7002cd75c1e,Hard Rock Cafe,36.7185387868992,-4.412866963024296,7,7.5,12,27,American Restaurant
232,La malagueta,36.717539390751284,-4.4111359330223365,5346f950498efef444fbb9c8,Restaurante Toro Muelle Uno,36.7148435744597,-4.41466706819392,20,7.8,36,40,Spanish Restaurant
233,La malagueta,36.717539390751284,-4.4111359330223365,4c041c6058dad13a6b364897,Café de París,36.71851444818256,-4.411098278924147,5,6.7,3,4,Mediterranean Restaurant
234,La malagueta,36.717539390751284,-4.4111359330223365,4edf78fb93ad7f74f8b0bae2,Amigos Grill,36.71518006545799,-4.4144779885197,36,7.5,64,77,Mexican Restaurant
235,La malagueta,36.717539390751284,-4.4111359330223365,55d4fd5c498e1d00890385da,Angus,36.715431156238516,-4.414223208321148,9,7.7,11,21,Steakhouse
236,La malagueta,36.717539390751284,-4.4111359330223365,59b5313e4a1cc05fed4baf0c,la barra,36.714702,-4.414695,4,7.5,5,5,Tapas Restaurant
237,La malagueta,36.717539390751284,-4.4111359330223365,4d9addf09298b1f7d6064a38,Galopain,36.719895002106846,-4.4116597881385635,14,7.0,17,30,Café
238,La malagueta,36.717539390751284,-4.4111359330223365,4bf7dab64a67c928293c24cf,Chiringuito Tropicana,36.71903416427362,-4.407262566212765,32,7.0,50,97,Spanish Restaurant
239,La malagueta,36.717539390751284,-4.4111359330223365,55954635498e5de2c70cce61,Chopp,36.718349473411585,-4.413161810896474,5,6.8,5,9,Tapas Restaurant
240,La malagueta,36.717539390751284,-4.4111359330223365,57b1a4fe498e19de8cbe9421,KFC,36.71804733989923,-4.412770778143577,1,6.5,5,18,Fast Food Restaurant
241,La malagueta,36.717539390751284,-4.4111359330223365,4c0420bf58dad13afe364897,La Ménsula,36.71967722178326,-4.408831950886191,18,6.4,13,21,Mediterranean Restaurant
242,La malagueta,36.717539390751284,-4.4111359330223365,50de135fe4b07dd5d1b4c715,Taberna Del Muelle,36.71837800139927,-4.411685979993338,3,6.4,4,3,Gastropub
243,La malagueta,36.717539390751284,-4.4111359330223365,4bcf5350b221c9b6e7d0d1d0,El Gallo Rojo,36.716908195832914,-4.4111999035192575,4,6.5,3,6,Spanish Restaurant
244,La malagueta,36.717539390751284,-4.4111359330223365,4d0d1805257d6dcb54119a67,Circus,36.72095252028641,-4.408623977601596,13,6.9,7,8,Italian Restaurant
245,La malagueta,36.717539390751284,-4.4111359330223365,4c0d6a58b1b676b05b8de086,Pizzeria Trastevere,36.71889793160172,-4.410854509910395,13,6.3,11,18,Pizza Place
246,La malagueta,36.717539390751284,-4.4111359330223365,4bedb4ad946c0f47adcda263,Restaurante Mexicano Jalisco,36.71764770174741,-4.411313792584236,7,6.2,6,3,Mexican Restaurant
247,La malagueta,36.717539390751284,-4.4111359330223365,53879ab2498e39acdc8bf707,TGB The Good Burger,36.715632651879844,-4.414300964717355,29,6.3,34,65,Burger Joint
248,La malagueta,36.717539390751284,-4.4111359330223365,4ef87e0f2c5b044501ae295f,Kuorum,36.715000394783154,-4.4145949442465495,12,6.4,9,34,Spanish Restaurant
249,La malagueta,36.717539390751284,-4.4111359330223365,4cfaaabbc6cca35d60c38732,El Rancho,36.71967018271231,-4.409571400222623,20,6.4,18,23,Argentinian Restaurant
250,La malagueta,36.717539390751284,-4.4111359330223365,4c4b50c542b4d13a1d49807e,Taj Palace,36.71878186907041,-4.410555047289519,14,6.2,11,10,Indian Restaurant
251,La malagueta,36.717539390751284,-4.4111359330223365,4f833842e4b01e69d9942de4,O Mamma Mia,36.715375362227626,-4.4143659884704185,25,6.3,22,40,Italian Restaurant
252,La malagueta,36.717539390751284,-4.4111359330223365,4b77049df964a520ee742ee3,Spaghetteria Circus,36.72094120949653,-4.408672423906627,16,6.3,25,24,Italian Restaurant
253,La malagueta,36.717539390751284,-4.4111359330223365,5aeed76a012358002ce692a3,100 Montaditos,36.714832,-4.414877,2,6.2,2,2,Tapas Restaurant
254,La malagueta,36.717539390751284,-4.4111359330223365,50e5c666e4b033c8828c7202,Gaucho Grill,36.7150690104099,-4.414588425278278,16,6.2,17,28,Argentinian Restaurant
255,Perchel sur,36.71459981039457,-4.428440085982157,50b61c9ce4b0be8d47ed47ca,Óleo Mediterránea Sushi Bar,36.71449485024844,-4.425751118892808,48,8.7,84,123,Sushi Restaurant
256,Perchel sur,36.71459981039457,-4.428440085982157,4b6ddacff964a52006962ce3,Candamil,36.71448068341679,-4.427384907323258,14,8.3,21,18,Spanish Restaurant
257,Perchel sur,36.71459981039457,-4.428440085982157,58d8e8852f91cb026fc2d921,Da Saveria,36.714436,-4.428686,7,8.0,6,32,Italian Restaurant
258,Perchel sur,36.71459981039457,-4.428440085982157,4d2bedb8ebacb1f777571050,Los Valle Churros Y Chocolate,36.71308977972861,-4.429276361041498,5,7.7,8,10,Café
259,Perchel sur,36.71459981039457,-4.428440085982157,4eabf4b129c2152debf3dbef,O Mamma Mia,36.71716760848513,-4.428583171912738,4,8.0,13,9,Italian Restaurant
260,Perchel sur,36.71459981039457,-4.428440085982157,55c3a3bd498e5aa1a98e4798,Gourmet Experience El Corte Inglés,36.71729796773582,-4.42819689148577,5,8.2,45,43,Gastropub
261,Perchel sur,36.71459981039457,-4.428440085982157,4d97935ae07ea35d207bdd02,Restaurante Japonés Kyoto,36.71114867208626,-4.428592307234352,49,8.5,68,66,Japanese Restaurant
262,Perchel sur,36.71459981039457,-4.428440085982157,4e0f0b1e62e1d5a30d06ee8f,Cafetería El Corte Inglés,36.71724574049453,-4.428699147834897,8,7.0,20,23,Café
263,Perchel sur,36.71459981039457,-4.428440085982157,5a4f8195f870fd2b52ba33fa,Goiko Grill,36.718172,-4.428682,0,7.3,1,7,Burger Joint
264,Perchel sur,36.71459981039457,-4.428440085982157,52944e31498e7e1cc6e20543,Granier Panes Artesanos,36.712787908430585,-4.432986665188229,3,7.2,9,14,Bakery
265,Perchel sur,36.71459981039457,-4.428440085982157,4bd063f5046076b040d36f71,Dunkin' Coffee,36.718524440884536,-4.4293216467161605,18,7.3,37,94,Donut Shop
266,Perchel sur,36.71459981039457,-4.428440085982157,55cb402e498e057c68b84302,Gourmet Experience El Corte Inglés,36.717377380064065,-4.428536155452807,1,6.8,5,7,Bistro
267,Perchel sur,36.71459981039457,-4.428440085982157,53c7b138498edeb14aeb833f,Mister Noodles,36.714144409702996,-4.431247528191334,6,6.8,14,14,Asian Restaurant
268,Perchel sur,36.71459981039457,-4.428440085982157,56812806498e639d229e20e4,La Perica,36.71268784734419,-4.43121049978047,5,6.6,5,9,Bistro
269,Perchel sur,36.71459981039457,-4.428440085982157,54b0e969498efd7048f91ce8,La Mar de Soler,36.71400220119432,-4.43016920622685,4,6.1,6,12,Seafood Restaurant
270,Perchel sur,36.71459981039457,-4.428440085982157,57a5fb23498ec1f9eaff9370,Lizarran,36.71177,-4.431787,2,6.3,3,4,Tapas Restaurant
271,Perchel sur,36.71459981039457,-4.428440085982157,4c59662404f9be9a2b20ef60,100 Montaditos,36.711929342809285,-4.432753558160035,16,6.1,31,55,Sandwich Place
272,Perchel sur,36.71459981039457,-4.428440085982157,4d3076097791224bb268d142,Bar Nuestra Señora Del Gran Poder,36.713339606373125,-4.429434725615097,11,5.7,3,8,Spanish Restaurant
273,Perchel sur,36.71459981039457,-4.428440085982157,4cfd4a97c6cca35df20f9632,Mendivil,36.71352696745083,-4.430968807320731,7,5.6,3,4,Burger Joint
274,Perchel sur,36.71459981039457,-4.428440085982157,4be9586288ed2d7f37d6cc1d,Juandi,36.712127264978236,-4.430641544039722,4,5.9,3,4,Spanish Restaurant
275,Perchel sur,36.71459981039457,-4.428440085982157,509eb5c6e4b076197c36fbb2,Taco Bell,36.71196338414721,-4.432356646577947,17,5.9,25,54,Fast Food Restaurant
276,Perchel sur,36.71459981039457,-4.428440085982157,4bdb2758c79cc928ee6381e9,Baboo Café,36.718495039381644,-4.428798068362036,9,6.2,1,22,Café
277,Perchel sur,36.71459981039457,-4.428440085982157,4cd8556a5e1b721eaba239d9,Restaurante Chino Flamingo,36.71285041048879,-4.429131699427124,6,5.4,2,6,Chinese Restaurant
278,Perchel sur,36.71459981039457,-4.428440085982157,50410dd6e4b0805b9ecf3101,Tomaquet,36.71203336501356,-4.432769714952517,4,6.0,14,23,Tapas Restaurant
279,Perchel sur,36.71459981039457,-4.428440085982157,4cce9ca27c2ff04d1997a57e,Sabora,36.71271921091947,-4.432065944835818,12,5.7,9,40,Breakfast Spot
280,Perchel sur,36.71459981039457,-4.428440085982157,4ca0b3fc8afca0933ef71416,Dunkin' Coffee,36.7119470352626,-4.43186768167432,14,5.8,22,69,Donut Shop
281,Perchel sur,36.71459981039457,-4.428440085982157,4c0be9b4340720a193d28893,McDonald's,36.712152001571134,-4.4327116501858255,8,5.6,16,35,Fast Food Restaurant
282,La aurora,36.71493944206097,-4.432656790864362,5037dc00e4b0107229393daa,Asakusa,36.71568126934967,-4.428105735395536,10,7.0,13,15,Asian Restaurant
283,La aurora,36.71493944206097,-4.432656790864362,4c0a81f9009a0f479b7be9bf,Foster's Hollywood,36.71174915391996,-4.433055624507523,19,6.9,43,46,American Restaurant
284,La aurora,36.71493944206097,-4.432656790864362,55cb607d498e057c69163456,Hamburguesa Nostra,36.717350549446785,-4.428345217382192,2,6.7,6,6,Burger Joint
285,La aurora,36.71493944206097,-4.432656790864362,4cea7f080f196dcb142052ae,Ginos,36.71191961904099,-4.433061031046492,5,5.9,10,17,Italian Restaurant
286,La aurora,36.71493944206097,-4.432656790864362,53221600498ee5e1964f4286,D'Vinos y Copas,36.71392186070266,-4.427998689129238,2,5.8,7,6,Tapas Restaurant
287,La aurora,36.71493944206097,-4.432656790864362,4e20aba5a80968cf3e379575,Brasayleña Vialia,36.71194247581049,-4.433045270133818,17,5.5,6,14,Brazilian Restaurant
288,Nucleo gral franco,36.7128564665736,-4.446306335195043,4de93f3cd1648c979647cf82,Pizza Real,36.71309395048944,-4.451403395066192,3,8.1,6,4,Pizza Place
289,Nucleo gral franco,36.7128564665736,-4.446306335195043,4d447b60e198721e7d41bc8b,El Árbol,36.709155033160336,-4.4442218542099,4,6.6,5,3,Burger Joint
290,Nuevo san andres 1,36.7017084232921,-4.4515828776988355,534d575a498e45d9c4448d78,Casa Kiki,36.699330664790075,-4.450825452804565,1,7.9,13,2,Bakery
291,Nuevo san andres 1,36.7017084232921,-4.4515828776988355,4c9a5cb878ffa09355d26b75,El Tapeo del Colilla,36.698540962971904,-4.448745678695013,22,7.5,33,24,Spanish Restaurant
292,Nuevo san andres 1,36.7017084232921,-4.4515828776988355,4e47ce6214959d51c174e882,La Bodeguita Fortunata,36.699222312299334,-4.448090810723751,11,6.5,9,12,Seafood Restaurant
293,Nuevo san andres 1,36.7017084232921,-4.4515828776988355,4cdfd9efc4f6a35dd0c1d26c,El Bodegón de Paco,36.70180099277631,-4.448397429820376,4,5.9,6,4,Steakhouse
294,Nuevo san andres 1,36.7017084232921,-4.4515828776988355,4f691295e4b0401845e7429a,Tapería El Aserradero,36.69866104529313,-4.4475378954705445,10,6.4,10,13,Tapas Restaurant
295,Nuevo san andres 1,36.7017084232921,-4.4515828776988355,4ca5049db7106dcb98bc50a5,Telepizza,36.69961668721997,-4.447166919708252,4,6.0,1,0,Pizza Place
296,Campos eliseos,36.7214879962521,-4.4105837399470635,4d68f98d4c46370444839bb3,Aire Gastrobar,36.72112657531889,-4.406455188594739,6,8.0,20,29,Mediterranean Restaurant
297,Campos eliseos,36.7214879962521,-4.4105837399470635,4e0893d262e100e581766be4,Oriental Gong,36.721158,-4.406498,3,7.4,6,5,Asian Restaurant
298,Campos eliseos,36.7214879962521,-4.4105837399470635,4c4064d23735be9a17bc16a4,Pizzeria O'mamma Mia,36.721468790064364,-4.4059880472136195,16,6.9,26,18,Pizza Place
299,Campos eliseos,36.7214879962521,-4.4105837399470635,4da1b3509935a093b440a56f,Chiringuito El Cachalote,36.72008785549535,-4.405267244568821,29,6.8,29,47,Mediterranean Restaurant
300,Campos eliseos,36.7214879962521,-4.4105837399470635,4b8a50fdf964a520266832e3,Burger King,36.71828903703372,-4.409568465637579,4,5.9,9,17,Fast Food Restaurant
301,Campos eliseos,36.7214879962521,-4.4105837399470635,51b48823498e8590ec5dc4b3,Chiringuito Sicsú,36.71735250874106,-4.410523784530599,6,5.9,11,42,Mediterranean Restaurant
302,Pol ctra de cartama,36.71461193765814,-4.450293034776232,4dd8deaad1647fcf3e6de3bb,Casa Kiki,36.71632480650547,-4.451117601746666,10,7.5,27,20,Bakery
303,Pol ctra de cartama,36.71461193765814,-4.450293034776232,4c79722a97028cfac229dbfe,Burger King,36.71496529782016,-4.454877052992753,4,5.6,8,6,Fast Food Restaurant
304,Explanada de la estación,36.71305453222618,-4.431261685595489,4edff3069adf58ec9d75a72a,Restaurante Gallego Candemil,36.714130785217215,-4.426817737319209,3,7.2,6,4,Spanish Restaurant
305,Explanada de la estación,36.71305453222618,-4.431261685595489,4d174244cc216ea8d2026ed3,Wok Directo,36.709471627,-4.42812279,15,6.5,19,46,Asian Restaurant
306,Explanada de la estación,36.71305453222618,-4.431261685595489,4cdbfc41930af04dafb78d97,Romolo y Remo,36.71444434361937,-4.4263226370374396,8,5.9,5,27,Italian Restaurant
307,La caleta,36.720665727952685,-4.403226552582762,4edb9ad3b6344371f84b238f,Restaurant Oasis,36.72180334599949,-4.398435816591178,5,6.3,9,21,Seafood Restaurant
308,Miraflores de los angeles,36.730196403270064,-4.442154257272847,4dc3e5411fc749941277980d,TapeArte,36.72609689921843,-4.443071179108602,12,7.1,11,11,Tapas Restaurant
309,Miraflores de los angeles,36.730196403270064,-4.442154257272847,52fbe384498eb7dded2459cb,Restaurante Tunante,36.72616212011993,-4.444225549790934,10,7.2,14,11,Sushi Restaurant
310,Miraflores de los angeles,36.730196403270064,-4.442154257272847,55faef72498e8a2cd4f39343,McDonald's,36.7299783776779,-4.443971964655157,1,6.2,8,1,Fast Food Restaurant
311,Miraflores de los angeles,36.730196403270064,-4.442154257272847,4e7e4bcfd3e3e0e27ba40931,Rosario's,36.72629596292587,-4.443390369415283,7,6.5,7,2,Burger Joint
312,Miraflores de los angeles,36.730196403270064,-4.442154257272847,4d432e222dd937046e9b267c,Il Panino,36.726340913683494,-4.444131265998711,8,6.4,14,9,Italian Restaurant
313,Miraflores de los angeles,36.730196403270064,-4.442154257272847,4e8f5e057ee60278a569ef60,Tapería Uno Y Medio,36.725779266220194,-4.443119804665345,8,6.3,4,2,Tapas Restaurant
314,Miraflores de los angeles,36.730196403270064,-4.442154257272847,4ed1596c61af476c09be6a47,Cartañam,36.72790854210355,-4.438737257354421,7,5.0,2,3,Burger Joint
315,Jarazmin,36.7250333176237,-4.334558725296536,4b8bba7bf964a520a0a832e3,Venta El Gato,36.72328027457962,-4.336499922184334,5,7.4,12,11,Spanish Restaurant
316,Cerrado de calderon,36.7341639432651,-4.381764512980103,4e04efcba80995c884a0084a,Refectorium El Campanario,36.7345070884277,-4.381037130405041,11,7.9,17,32,Spanish Restaurant
317,Cerrado de calderon,36.7341639432651,-4.381764512980103,54fb1f5d498ed2b260eed2bb,C&C Café del Cerrado,36.7373152655712,-4.380411179307029,8,7.6,9,14,Mediterranean Restaurant
318,Cerrado de calderon,36.7341639432651,-4.381764512980103,4d0fa736a3d9721e9052d0fd,Burger King,36.73781327338894,-4.380545428714546,8,5.4,4,6,Fast Food Restaurant
319,Los chochales,36.664482342957506,-4.476723883393259,4bedc36e4daaa593df2e8f61,La Casita de la Loma,36.666754199796955,-4.474974203269932,26,8.6,45,30,Steakhouse
320,Los chochales,36.664482342957506,-4.476723883393259,4b8bc28af964a520fea932e3,Mesón El Pollo del Tío Paco,36.66730573772989,-4.473389645730403,24,7.4,45,48,Spanish Restaurant
321,Los paredones,36.671740796426704,-4.507330349428204,4d97192861a3a1cd14aaab42,La Parra,36.67256181218971,-4.5098319262506035,4,7.4,8,3,Steakhouse
322,Torre de san telmo,36.723172094812114,-4.38034500224003,53ed2190498e796ff42effa2,Misuto,36.721155,-4.378205,12,8.9,18,23,Sushi Restaurant
323,Torre de san telmo,36.723172094812114,-4.38034500224003,51c8a0c1498eee4938bf59d5,Restaurante Pez Tomillo,36.72102510407634,-4.378294353511834,64,8.6,137,119,Tapas Restaurant
324,Torre de san telmo,36.723172094812114,-4.38034500224003,4c3621cf04cbb7136bffed0d,Restaurante Andrés Maricuchi,36.720866212165525,-4.377178896164542,5,8.2,19,20,Seafood Restaurant
325,Torre de san telmo,36.723172094812114,-4.38034500224003,4c2ba94b57a9c9b6cc43f667,El Cabra,36.72089948374729,-4.376888932989778,12,7.6,26,28,Seafood Restaurant
326,Torre de san telmo,36.723172094812114,-4.38034500224003,4c5c6c392815c9289f05b267,La Paloma Fossil,36.72087311052373,-4.3766005788733535,10,7.4,13,27,Steakhouse
327,Torre de san telmo,36.723172094812114,-4.38034500224003,4bc9a6ad511f952176feadc7,Virguerias,36.72558946407981,-4.381488017601892,6,6.9,8,11,Argentinian Restaurant
328,Torre de san telmo,36.723172094812114,-4.38034500224003,4b8906acf964a520d51832e3,Restaurante El Lirio,36.720926,-4.377498,4,6.7,4,12,Seafood Restaurant
329,Torre de san telmo,36.723172094812114,-4.38034500224003,4db2bee4fa8c350240bc35b9,El Morata,36.720861,-4.377329,4,6.6,7,11,Seafood Restaurant
330,Pedregalejo playa,36.721158944676006,-4.374725035443144,4bae229ff964a5208b883be3,Mafalda,36.72072783925466,-4.371696710644327,18,8.5,29,21,Burger Joint
331,Pedregalejo playa,36.721158944676006,-4.374725035443144,4e048a29b61c7592ae6faaa4,Los Espigones,36.72081906269716,-4.37378998023738,8,7.1,6,11,Seafood Restaurant
332,Pedregalejo playa,36.721158944676006,-4.374725035443144,5683f86b498eecea1d91d5f0,La Machina,36.72094216361448,-4.374633158561222,8,7.0,17,15,New American Restaurant
333,Pedregalejo playa,36.721158944676006,-4.374725035443144,4c14d61ca5eb76b0b249c2b7,El Caleño,36.720863781395124,-4.374020432887191,5,7.0,10,20,Mediterranean Restaurant
334,Pedregalejo playa,36.721158944676006,-4.374725035443144,4d974524af3d236a1fbf1ec7,Cattabia,36.720796535547606,-4.373784689410502,11,6.9,11,14,Spanish Restaurant
335,Pedregalejo playa,36.721158944676006,-4.374725035443144,4baf4977f964a520aff53be3,Restaurante Merlo,36.720361512824105,-4.369993121751872,6,7.3,11,21,Spanish Restaurant
336,Pedregalejo playa,36.721158944676006,-4.374725035443144,4c002eeb92a6c928eecb43e2,Miguelito El Cariñoso,36.720592483248126,-4.3715425235566805,13,6.9,23,53,Mediterranean Restaurant
337,Parque del guadalhorce,36.68079675430509,-4.474324160082416,4beaff43415e20a1c4bfe5bb,Burger King,36.68174062350682,-4.469707767979277,6,5.1,9,7,Fast Food Restaurant
338,Parque tecnológico,36.739301387906615,-4.5536525193942055,4d06105428926ea82ba073c2,Alei Center Restaurant,36.73868697729826,-4.554610969293379,12,5.1,6,8,Mediterranean Restaurant
339,Parque tecnológico,36.739301387906615,-4.5536525193942055,4b7a9baaf964a5204c332fe3,Bolonia,36.736015383652756,-4.555495530360394,12,5.3,12,23,Mediterranean Restaurant
340,Parque tecnológico,36.739301387906615,-4.5536525193942055,4b740ff6f964a52004c62de3,Softfood,36.73869869034216,-4.556361769596248,11,5.0,1,4,Spanish Restaurant
341,Las acacias,36.72073889890786,-4.368448919732299,4c1377b1a5eb76b0c3efbfb7,Los Cuñao,36.719524678501365,-4.367622615534532,20,8.1,32,29,Spanish Restaurant
342,Las acacias,36.72073889890786,-4.368448919732299,4bd43eb977b29c7488479282,Restaurante Hermanos Muñoz,36.719277332536734,-4.3672767313089125,5,7.4,15,23,Seafood Restaurant
343,Las acacias,36.72073889890786,-4.368448919732299,4eb808826da1df9ffb9295c2,La Casita,36.71921109434433,-4.364907166835822,4,8.9,23,5,Café
344,Las acacias,36.72073889890786,-4.368448919732299,4beefa5e6faac9b687a1a9c6,El Rompeolas,36.71974667351846,-4.3680887987372,5,7.2,9,27,Mediterranean Restaurant
345,Las acacias,36.72073889890786,-4.368448919732299,50183911e4b049d39482316a,El Rincón de Graná,36.720113,-4.365304,3,6.6,5,5,Spanish Restaurant
346,Las acacias,36.72073889890786,-4.368448919732299,4cbd9e41d78f46886b84ce73,Las Acacias,36.71959827831711,-4.367802135151504,16,5.8,19,45,Paella Restaurant
347,Las acacias,36.72073889890786,-4.368448919732299,4c095a5a7e3fc92886d4f182,Restaurante Las Palmeras,36.71936805478935,-4.367389432564283,12,5.5,17,37,Seafood Restaurant
0,Los tomillares,36.73613531499235,-4.4776185867509914,4be71683cf200f476141153c,Restaurante Amador,36.73614762902696,-4.474927054650774,12,7.9,19,21,Spanish Restaurant
1,La torrecilla,36.723557459600364,-4.391421167239984,4e21f186d1647406320bf996,Picasso Chiringuito,36.72248165635675,-4.395789528023948,3,8.1,23,22,Mediterranean Restaurant
2,La torrecilla,36.723557459600364,-4.391421167239984,4cd52d30a5b34688644c8c50,Café Miramar Martiricos,36.723337789469646,-4.396086931228638,2,6.4,4,5,Café
3,El drago,36.724718989251926,-4.360409210757788,4d0b33666c51a14358c7a835,Roper,36.7206661749177,-4.360541126505727,4,6.8,4,3,Café
4,El higueral,36.696453366073,-4.461608833635885,4beff740d4e4d13a67b315a7,Restaurante Japonés Fujiyama,36.69472012943349,-4.46125772579433,15,6.5,15,48,Japanese Restaurant
5,El higueral,36.696453366073,-4.461608833635885,50cc7a63e4b0f94b2fd065a8,MaxiTapas,36.69311,-4.458731,5,5.7,5,6,Tapas Restaurant
6,Cortijo bazan,36.7457792964764,-4.413061421467922,4e636e4f1495676d5628128e,Trepaollas,36.74597510340484,-4.409281613123344,13,7.1,30,25,Spanish Restaurant
7,Peinado grande,36.74484731808194,-4.406080596951819,4baf4c1bf964a52041f63be3,Ventorrillo de Santa Clara,36.749035946372416,-4.407032490249235,20,7.0,20,40,Spanish Restaurant
8,Parq emp alameda,36.70991170759711,-4.469189917793958,4cdd9f947e2e236abe0a7a1b,Ou Bin City,36.71142870513656,-4.468558470370028,4,5.6,5,7,Chinese Restaurant
9,Parq emp alameda,36.70991170759711,-4.469189917793958,536bab69498e72102f2e51a4,KFC,36.71305554568294,-4.4720887071962565,18,6.0,36,24,Fast Food Restaurant
10,Parq emp alameda,36.70991170759711,-4.469189917793958,4b4745fdf964a520f02d26e3,McDonald's,36.71190053026652,-4.467352942936481,23,5.7,50,43,Fast Food Restaurant
11,San miguel,36.733330760907,-4.419617029171938,4bdec34617fdef3b30a64e36,Bocateria Los Delfines,36.73124171312266,-4.42068662185336,10,6.1,3,7,Sandwich Place
12,Pilar del prado,36.7214859955188,-4.533731062412488,4cb73abfe262b60c0ec174e0,Novocafe,36.72329244178916,-4.537971306193042,6,5.6,6,7,Café
13,Aeropuerto base aerea,36.67805149158588,-4.4952561409223835,4ba25df9f964a520cef137e3,Lamoraga Aeropuerto,36.67686229355302,-4.4915822282680535,5,7.5,5,18,Gastropub
14,Aeropuerto base aerea,36.67805149158588,-4.4952561409223835,51dbeebc498e788e0a7a61d4,Dani Garcia Deli Bar,36.67674754592806,-4.491679962948659,9,6.0,12,26,Burger Joint
15,Aeropuerto base aerea,36.67805149158588,-4.4952561409223835,4c1b6809c09ed13a5a78828e,Caviar House & Prunier,36.67673166718815,-4.491891736711997,0,6.3,5,14,Seafood Restaurant
16,Aeropuerto base aerea,36.67805149158588,-4.4952561409223835,4d91878c033ba35dca05720d,Upper Crust,36.67709927119488,-4.4931228339512455,8,5.3,20,19,Café
17,Aeropuerto base aerea,36.67805149158588,-4.4952561409223835,4ba226fef964a52092df37e3,BK Whopper Bar,36.67670095652715,-4.491449826002092,6,5.4,4,3,Fast Food Restaurant
18,Aeropuerto base aerea,36.67805149158588,-4.4952561409223835,4dfe6d158877333e195c0723,Soho Coffee Co.,36.67671457151438,-4.491901398323621,11,5.2,9,16,Café
19,Aeropuerto base aerea,36.67805149158588,-4.4952561409223835,4c4c8eee9c8d2d7fdd3a996c,Dehesa Santa Maria,36.67783258883378,-4.494727072439081,5,4.8,1,9,Spanish Restaurant
20,Aeropuerto base aerea,36.67805149158588,-4.4952561409223835,4d5a38c524466ea8798f7f9f,Burger King,36.6767451839942,-4.491826207361207,12,4.6,11,43,Fast Food Restaurant
21,Centro de ocio,36.65935862557317,-4.478762438044848,50699e14e4b08d6e208acc6a,Restaurante Ikea,36.6581871465292,-4.482701487488716,4,6.4,12,21,Buffet
22,Centro de ocio,36.65935862557317,-4.478762438044848,4c9e4eeb0313370495ad67d5,Foster's Hollywood,36.65638027247458,-4.4790834598023554,37,6.0,53,112,American Restaurant
23,Centro de ocio,36.65935862557317,-4.478762438044848,4cfaabd77945224b698e81e7,Smilo,36.65644943268812,-4.479171220634319,9,5.8,8,15,Italian Restaurant
24,Centro de ocio,36.65935862557317,-4.478762438044848,51fa3c6f498e867751763fcb,La Posada De Brasil,36.655846819017725,-4.479248229637775,10,6.2,13,9,Brazilian Restaurant
25,Centro de ocio,36.65935862557317,-4.478762438044848,4c9a58e7292a6dcbda23ce76,Brutus,36.65649985824728,-4.479187053978312,9,4.9,8,21,Burger Joint
26,El torcal,36.70021734869263,-4.447859257264187,4d93781fb189721e0bb3382a,Tapería Bakalito,36.70193603412647,-4.445260248803268,3,6.6,6,7,Snack Place
27,El torcal,36.70021734869263,-4.447859257264187,4c386b5a3849c9288d65bfb1,Domino's Pizza,36.69735748098252,-4.448692768839383,9,6.1,13,13,Pizza Place
28,Los paseros,36.65838226867776,-4.487709753695858,52daf8c411d2db16bbd891f1,Buffet Asiel,36.6571495016217,-4.486973127920211,8,6.4,19,19,Asian Restaurant
29,Los paseros,36.65838226867776,-4.487709753695858,4d2874d33c795481ef49ce9b,Burger King,36.657450483412966,-4.486681391663532,7,5.6,12,10,Fast Food Restaurant
30,Los paseros,36.65838226867776,-4.487709753695858,4cdac3024006a14355e3d3b2,McDonald's,36.65839691702594,-4.484915503436181,11,5.9,30,19,Fast Food Restaurant
31,Hacienda roldan,36.72355332398402,-4.466033158204738,500aa92ae4b0546b28a4732b,Mesón Agustín El Picoteo,36.726261137208176,-4.469058437209382,3,8.4,16,4,Tapas Restaurant
32,Hacienda roldan,36.72355332398402,-4.466033158204738,4cfe90b1d7206ea89e094f69,Club Japones,36.72640028963819,-4.465681896044019,14,7.0,18,26,Japanese Restaurant
33,Hacienda roldan,36.72355332398402,-4.466033158204738,54022f3f498e150d888c961c,Palodú Gastrobar,36.72535451236964,-4.4621166569901645,7,7.4,14,18,Tapas Restaurant
34,Hacienda roldan,36.72355332398402,-4.466033158204738,4dce77b4c65bdac713612b7a,Mustang,36.72623100486219,-4.47044843684497,9,5.4,5,8,Tapas Restaurant
35,Pol com pacifico,36.68718215964208,-4.446124437557118,51503c4be4b02f70eaced32c,Jesús Gutiérrez - Amitabha,36.686394382405,-4.443990948683035,12,7.3,25,38,Gastropub
36,Pol com pacifico,36.68718215964208,-4.446124437557118,4df35916b61cbd3ec01abcfc,Bar Mesón Paco,36.68887609171053,-4.448043096270104,14,7.6,20,16,Spanish Restaurant
37,Pol com pacifico,36.68718215964208,-4.446124437557118,4c76c113d06b224bf54bfcd6,L'Álbero,36.69092758023831,-4.44721080773887,13,8.1,20,11,Pizza Place
38,Pol com pacifico,36.68718215964208,-4.446124437557118,573e1d25498e976bf2fcef9f,Nómadas Burger,36.69070344713795,-4.447057767818317,12,7.6,21,19,Burger Joint
39,Pol com pacifico,36.68718215964208,-4.446124437557118,4db963e94df0ded98bd0930e,El Botijo,36.690295482985675,-4.4456145,6,7.2,8,6,Steakhouse
40,Pol com pacifico,36.68718215964208,-4.446124437557118,4c385f4c18e72d7fec2e18f5,Chiringuito Vicen-Playa,36.68323114900234,-4.445915636980703,12,6.6,13,14,Seafood Restaurant
41,Pol com pacifico,36.68718215964208,-4.446124437557118,4bf7cee28d30d13a2e88ff17,Bella Vista Mare,36.689809,-4.442484,6,6.8,4,6,Italian Restaurant
42,Pol com pacifico,36.68718215964208,-4.446124437557118,4c94b48703413704dc3e74ef,Chiringuito Casa Lucas,36.68807739054579,-4.443089462247217,4,6.1,5,12,Seafood Restaurant
43,Pol com pacifico,36.68718215964208,-4.446124437557118,4e3d39de1838cb1b82ecf28c,Pizzorante Bellavista Mare,36.68985424997887,-4.442409386229074,13,6.0,13,36,Pizza Place
44,Pol com pacifico,36.68718215964208,-4.446124437557118,4d91ba10270e6ea8d0e858ff,Burger Scooby,36.691085119391666,-4.444805542134987,2,6.0,4,3,Burger Joint
45,Pol com pacifico,36.68718215964208,-4.446124437557118,4e45aaf77d8b91a06584bd40,Pata Negra,36.690810585885764,-4.444843825822153,4,5.8,4,10,Spanish Restaurant
46,Pol com pacifico,36.68718215964208,-4.446124437557118,5309f250498e04ed32f8368b,La Campana Playa,36.689772999953725,-4.442082890694284,6,5.7,13,24,Seafood Restaurant
47,Pol com pacifico,36.68718215964208,-4.446124437557118,4c42ecbcff711b8d15341405,Papulinos III,36.69030699322083,-4.449563603702069,5,5.6,5,5,Steakhouse
48,Pol com pacifico,36.68718215964208,-4.446124437557118,4d749bfc0a22236ab0cc3702,Cafeteria Duran-Duran,36.69047399089138,-4.445027028266686,8,5.5,4,3,Breakfast Spot
49,Ind la termica,36.68208210150582,-4.447621083054837,4d8f1423d00a6ea8676fc74f,Merendero Litoral,36.68025812498748,-4.445938765670515,27,7.4,26,66,Mediterranean Restaurant
50,Ind la termica,36.68208210150582,-4.447621083054837,4ff743e9e4b009b18f27ebd8,Merendero Ginés,36.68212376982255,-4.444894034037476,6,5.7,6,7,Seafood Restaurant
51,San andres,36.69276231788522,-4.441638502767253,4d29c407849f3704c1b38141,Pizzeria Lo Spuntino,36.6913534536697,-4.443461493593788,25,9.0,59,20,Italian Restaurant
52,San andres,36.69276231788522,-4.441638502767253,4b519e02f964a520e75027e3,Gutiérrez Playa,36.69453441824803,-4.438970227850305,22,8.0,45,74,Seafood Restaurant
53,San andres,36.69276231788522,-4.441638502767253,4ddbaefcfa7637ab73dfdbd3,El Envero,36.6948362620114,-4.4432756128258815,6,8.0,16,19,Spanish Restaurant
54,San andres,36.69276231788522,-4.441638502767253,4cd679d1a42b236a380af608,Pastelería Ávila,36.69484048077934,-4.441985043535063,15,7.7,27,14,Bakery
55,San andres,36.69276231788522,-4.441638502767253,4c2d29983a4d0f47496fe386,Rocío Tapas y Sushi,36.691620491084755,-4.443913093882549,77,7.0,59,127,Sushi Restaurant
56,San andres,36.69276231788522,-4.441638502767253,4cfa35bd2d80a143141843d8,Tita Che,36.691365360648135,-4.443616473362712,13,7.0,20,15,Spanish Restaurant
57,San andres,36.69276231788522,-4.441638502767253,53b5931f498ee296db4b3396,Pizzería Di Carlo,36.69363192808559,-4.440064045796879,9,6.9,17,6,Pizza Place
58,San andres,36.69276231788522,-4.441638502767253,4b770eb3f964a520d8782ee3,La Piccolina,36.69211466517057,-4.445859934239416,11,7.1,11,18,Italian Restaurant
59,San andres,36.69276231788522,-4.441638502767253,51f6cea4498ed573672b0af8,Cafetería-Burguer Eclipse,36.69436771581969,-4.444592461165416,4,6.4,7,8,Burger Joint
60,San andres,36.69276231788522,-4.441638502767253,4d8f35f51716a143c5c244f7,Vista Suiza II,36.69310158530723,-4.443966982194866,7,6.2,8,12,Mediterranean Restaurant
61,San andres,36.69276231788522,-4.441638502767253,4c683db95fae20a1caff48a6,Campo de Arroz,36.69165935912,-4.444635613027734,18,6.3,13,17,Chinese Restaurant
62,San andres,36.69276231788522,-4.441638502767253,54ce360c498e4249449bff76,Hombre Lobo Grill,36.692814895289594,-4.4408028399563815,8,5.9,7,6,American Restaurant
63,San andres,36.69276231788522,-4.441638502767253,4db32f9343a1369cb59d8a6d,Chiringuito María,36.69136029599211,-4.441140621463727,13,5.8,14,40,Seafood Restaurant
64,San andres,36.69276231788522,-4.441638502767253,5447f95e498e49ee7c7ddeae,restaurante Ryugin,36.69350921324332,-4.440647038980487,4,5.7,5,4,Asian Restaurant
65,San andres,36.69276231788522,-4.441638502767253,4c4dd98792b6a5930522fa6e,Chiringuito Escribano,36.69285734650784,-4.439975111527402,10,5.5,9,23,Seafood Restaurant
66,La paz,36.69466587530869,-4.44999334085441,4c646d5e3f69c9b6b38988d9,Casa Marina Nieblas,36.694932413758956,-4.4499228810090665,13,8.5,30,20,Mediterranean Restaurant
67,La paz,36.69466587530869,-4.44999334085441,4d6a5fa9b8d5cbff27d594a2,Café Bar Arriate,36.69380570273473,-4.449421839233811,6,8.4,13,53,Spanish Restaurant
68,La paz,36.69466587530869,-4.44999334085441,4d55ad3748ea6ea8e1bdd7a3,El Paponazo,36.69388166616234,-4.448722218234716,18,7.5,22,15,Burger Joint
69,La paz,36.69466587530869,-4.44999334085441,4c9266071adc3704993c38d1,Belmonte Asador de Pollos,36.694091075894065,-4.450136646707239,4,7.2,5,1,Spanish Restaurant
70,La paz,36.69466587530869,-4.44999334085441,4bb3011e715eef3b38e285bb,Bar Hermanos Rodriguez,36.69564582456179,-4.450196058979342,9,6.9,6,19,Café
71,La paz,36.69466587530869,-4.44999334085441,51d6c864498ed970997130e6,Campana El Cenachero,36.69466299262132,-4.4496038170466266,3,6.4,3,13,Seafood Restaurant
72,La paz,36.69466587530869,-4.44999334085441,4d67b4f12433a14344364fe0,Wok La Paz,36.691941450001615,-4.451067603367712,17,5.6,16,24,Asian Restaurant
73,Cortijo de torres,36.70500061726778,-4.455954402826736,4e3ee66845dd68e3274cf422,Ipanema,36.709212857056,-4.454828823601433,3,5.7,4,2,Burger Joint
74,Santa cristina,36.71118067008503,-4.456638944997549,4f2982a4e4b083b610eb1e5e,Cafetería El Corte Inglés,36.70921938310887,-4.460737370268676,2,5.9,4,7,Café
75,San rafael,36.70924707794775,-4.44909121979219,4c2c3b33d1a10f47a23af964,Bar Los Locos,36.70557036007871,-4.4481868176095345,7,5.5,4,10,Breakfast Spot
76,La encarnacion,36.725549879647325,-4.44813639968576,4d75f949004b370429f9fb93,Cafeteria-bar Juani,36.72361297320252,-4.451286792755127,6,7.0,6,7,Café
77,La encarnacion,36.725549879647325,-4.44813639968576,4d99bbad2bd6f04dd3778450,Restaurante Al-Andalus,36.72236914951659,-4.4485351201416865,14,5.6,5,12,Spanish Restaurant
78,El romeral,36.72117152427656,-4.475025124456899,52657bd311d206f2f0648805,PadThaiWok Málaga - Teatinos,36.722697353773775,-4.477112951385111,31,8.2,32,23,Thai Restaurant
79,El romeral,36.72117152427656,-4.475025124456899,4c65b1707abde21ec4746168,Kebab Hits,36.72088612523174,-4.474787925655441,5,7.3,4,2,Falafel Restaurant
80,El romeral,36.72117152427656,-4.475025124456899,4bafd721f964a52019253ce3,Dallas,36.72095070632866,-4.474811445999931,8,7.5,7,3,Burger Joint
81,El romeral,36.72117152427656,-4.475025124456899,57fe25dc498e765c2134853a,Soho Café & Lounge,36.721446,-4.479889,5,8.2,8,4,Burrito Place
82,El romeral,36.72117152427656,-4.475025124456899,4ed0f6a39a52262b836026fe,Patagonia Asador Argentino,36.72142366642343,-4.4728480881698625,20,7.0,22,18,Argentinian Restaurant
83,El romeral,36.72117152427656,-4.475025124456899,4c7f9f87171b224b403f11b1,El Marisqueo de Teatinos,36.722339256088695,-4.477396125673671,27,6.7,46,42,Seafood Restaurant
84,El romeral,36.72117152427656,-4.475025124456899,5283938a11d22c83858af2d4,The Monkeys Málaga,36.723091616605885,-4.476918448567301,9,6.9,12,16,Spanish Restaurant
85,El romeral,36.72117152427656,-4.475025124456899,4dceda6fc65bdac7136c830c,La Biznaga,36.72156988087967,-4.47621749712497,15,6.7,14,173,Spanish Restaurant
86,El romeral,36.72117152427656,-4.475025124456899,4c80f3e2d8086dcb63f06752,Lochi,36.72105679837041,-4.474556956672017,20,6.5,25,25,Café
87,El romeral,36.72117152427656,-4.475025124456899,4ca78bed931bb60cd1969ee2,Pizzería La Pizza,36.723585905206264,-4.474686025364636,44,6.5,34,39,Pizza Place
88,El romeral,36.72117152427656,-4.475025124456899,4de944f6c65b72347a25b7fa,El Montecito,36.72148937041537,-4.479117107849347,6,6.7,6,9,Tapas Restaurant
89,El romeral,36.72117152427656,-4.475025124456899,50788362e4b0602b6208d90a,El Refugio,36.723251368170736,-4.479264333208797,3,6.9,6,10,Tapas Restaurant
90,El romeral,36.72117152427656,-4.475025124456899,526ed28f11d28ddfa5283375,La Proa de Teatinos,36.72267613055292,-4.477142025134526,11,6.2,8,74,Seafood Restaurant
91,El romeral,36.72117152427656,-4.475025124456899,528fc9a511d28b1ed54159ae,Raff Tapas & Bar,36.72160882514521,-4.479820366909243,60,6.7,131,82,Tapas Restaurant
92,El romeral,36.72117152427656,-4.475025124456899,5531710b498e4b742892dcb6,El Gallo Negro,36.720731939823736,-4.472992979563108,3,6.3,8,12,Spanish Restaurant
93,El romeral,36.72117152427656,-4.475025124456899,4bb6521c6edc76b06ec0301c,Tapería La Bodeguita,36.72087957881778,-4.473390214871534,18,6.2,13,14,Tapas Restaurant
94,El romeral,36.72117152427656,-4.475025124456899,4c950e1882b56dcbce24d5aa,Cafés y Tes Rivendel,36.72100913527464,-4.47486540845583,24,6.1,25,25,Café
95,El romeral,36.72117152427656,-4.475025124456899,50715621e4b0cff8622808c8,el refugio mas que tapas,36.721462147621104,-4.476231662685448,3,6.1,4,8,Tapas Restaurant
96,El romeral,36.72117152427656,-4.475025124456899,4dad84410cb6f003f489fff7,La Traviata,36.721101218209434,-4.474989473889171,6,6.1,5,4,Italian Restaurant
97,El romeral,36.72117152427656,-4.475025124456899,4da212ddc6e96ea8fa52ce5d,Telepizza,36.72155327844585,-4.4797050809318115,4,6.4,9,10,Pizza Place
98,El romeral,36.72117152427656,-4.475025124456899,4cff858eba1da1cdfaa58328,Pizzeria Hércules,36.72090707186421,-4.473455208693581,8,6.0,4,5,Pizza Place
99,El romeral,36.72117152427656,-4.475025124456899,4c154487a5eb76b02813c3b7,A La Turca,36.720906,-4.473696,7,6.0,2,6,Fast Food Restaurant
100,El romeral,36.72117152427656,-4.475025124456899,514f0533e4b0be820539f913,El Refugio,36.721444759054314,-4.476238989081308,20,6.0,30,22,Spanish Restaurant
101,El romeral,36.72117152427656,-4.475025124456899,53da95a3498e95db422da796,Marmita Málaga,36.72160824259082,-4.479162544754181,16,6.3,22,18,Tapas Restaurant
102,El romeral,36.72117152427656,-4.475025124456899,4bb79e79cf2fc9b641829e02,Restaurante Chino Xian,36.72122139898803,-4.478273541441579,8,6.1,4,4,Chinese Restaurant
103,El romeral,36.72117152427656,-4.475025124456899,5459544a498e72e20955baf8,MARCO Pizzería Ristorante,36.721470296035726,-4.479158714943101,7,6.1,7,9,Italian Restaurant
104,El romeral,36.72117152427656,-4.475025124456899,4bf6f50eb182c9b60ad6745a,"El Cenachero, Marisquería Freiduría",36.72133629297861,-4.477542165131635,10,5.7,8,8,Mediterranean Restaurant
105,El romeral,36.72117152427656,-4.475025124456899,4fd8ab84e4b0ec3e9c5948c1,Tapas y algo más,36.72113753835469,-4.474305527937011,0,5.7,4,5,Tapas Restaurant
106,El romeral,36.72117152427656,-4.475025124456899,52d2a3e8498e44cbe983028b,El Hormiguero,36.721203157481064,-4.476970910814366,8,5.4,14,11,Tapas Restaurant
107,El romeral,36.72117152427656,-4.475025124456899,4debded1e4cdc079f4a95acf,Burger El Dorado II,36.723276457256596,-4.474714774315404,22,5.8,16,18,Burger Joint
108,El romeral,36.72117152427656,-4.475025124456899,4da0e9ab540ea1cdca6a5cde,Cafetería 5 Avenida,36.72070733846918,-4.479354863315908,2,5.8,4,8,Café
109,El romeral,36.72117152427656,-4.475025124456899,4f8a71c7e4b0ddfd832ead88,Cafetería Hospital Clinico,36.717871363264265,-4.477805813599724,3,5.6,1,0,Café
110,El romeral,36.72117152427656,-4.475025124456899,4d7e1e933e50b1f7f102c5d3,Restaurante Chino Lu-Cheng,36.71928499500025,-4.47822073333573,8,5.1,6,3,Chinese Restaurant
111,El romeral,36.72117152427656,-4.475025124456899,4bf28bb320960f47db586e2f,Pura Gula,36.72191816492878,-4.4800237151379285,11,5.1,3,14,Pizza Place
112,El consul-ii,36.72183638712549,-4.479290544149327,5425c0f4498e78cec49bcade,Burguer ETC,36.724182841879546,-4.479928224199706,5,7.9,6,2,Burger Joint
113,El consul-ii,36.72183638712549,-4.479290544149327,4c8233f174d7b60ce6b97dd8,Tapería Bukaro's,36.72105209863715,-4.474286637103221,25,5.5,17,25,Tapas Restaurant
114,El consul-ii,36.72183638712549,-4.479290544149327,4c757aac604a370404cf8249,Bocatería Pizzería Dyno,36.725458064697946,-4.479820788482136,8,5.2,1,11,Burger Joint
115,Pol ind el alamo,36.66091062302783,-4.495360351242423,4bf7d77a5317a593c6a1fe7e,"Taperia ""El Encuentro""",36.66147212146678,-4.498448089897683,7,6.7,5,19,Tapas Restaurant
116,Pol ind el alamo,36.66091062302783,-4.495360351242423,4cd5acef122ba143dadb2da1,Burger King,36.659445,-4.493632,0,5.7,0,0,Fast Food Restaurant
117,Ventaja alta,36.725989545478605,-4.4064684772132265,4eca74a18b81dcfdc6e45d34,Ta-kumi Gastrobar,36.727317,-4.411369,1,7.9,6,1,Sushi Restaurant
118,La mania,36.72897293754315,-4.406887026911823,4cada836628cb1f727142d15,Abreboca,36.72978455235093,-4.4027049285331445,6,7.5,14,10,Mediterranean Restaurant
119,Las morillas,36.722695348331186,-4.465377379278854,51e99e8e498ea73ab700fe2a,Yo ♡ pizza,36.719542291257106,-4.4687387327254955,3,5.7,3,3,Pizza Place
120,Pol ind mi malaga,36.670771787437076,-4.471765244467206,4dfa76a3b0fb0401c7f86892,El Cantaro,36.6726693570111,-4.4729879507933585,2,6.1,5,7,Tapas Restaurant
121,La fabrica,36.731962765692245,-4.563192086412088,4e293cbb18a83a13623a7af9,La Mirada,36.7331299051256,-4.565566511579251,6,7.0,12,10,Spanish Restaurant
122,La fabrica,36.731962765692245,-4.563192086412088,4ef476e0f7909b0d2e25bb3f,Epvlae,36.73325679128339,-4.564483378140872,18,6.0,15,20,Spanish Restaurant
123,La fabrica,36.731962765692245,-4.563192086412088,4b8d0734f964a520e6e432e3,Mariluz,36.733577995372215,-4.566323659764578,7,6.0,5,2,Spanish Restaurant
124,La fabrica,36.731962765692245,-4.563192086412088,4d2ef3fad9d8a143d747fed7,Los Campesinos,36.73321904561195,-4.565880095261027,5,5.8,4,10,Mediterranean Restaurant
125,La fabrica,36.731962765692245,-4.563192086412088,4c63f1f6eb82d13ae40409d6,Restaurante Camposol,36.73269821286651,-4.560165883629262,4,5.3,4,3,Diner
126,El prado,36.72332688959229,-4.537031576997375,4c518082cad99c7424632dc3,Restaurante El Sauce,36.72390482832823,-4.539324835896345,5,6.4,6,9,Spanish Restaurant
127,Cortijo alto,36.71004721041505,-4.462214007324901,4dd5688645ddced820557c51,Cafe-Restaurante GALVEZ,36.70901732648813,-4.4629944305789495,18,7.3,18,29,Tapas Restaurant
128,Pol ind haza angosta,36.684157656898364,-4.467411901222432,4d287b17849f3704652f7441,Ginos Málaga-Nostrum,36.6851538148712,-4.471549572659932,7,6.3,11,16,Italian Restaurant
129,Pol ind haza angosta,36.684157656898364,-4.467411901222432,4d9cbd9a48b6224bfbcc149f,McDonald's,36.68509839610695,-4.4716511543388995,4,5.3,1,9,Fast Food Restaurant
130,Pol ind haza angosta,36.684157656898364,-4.467411901222432,518abe2a498edf25fd72889a,100 Montaditos,36.68505058345304,-4.47212367152006,6,5.2,5,8,Sandwich Place
131,Los girasoles,36.69504513851449,-4.453805492362166,4ea729fe6c25a76b7c9a5a75,Pizzeria Frascati Due,36.691216831938775,-4.454324067726198,4,7.8,7,7,Pizza Place
132,Nuevo san andres 2,36.69825937438452,-4.457525395161882,4fd665e0e4b070e01f5828b6,Dallas,36.695443973199936,-4.453333735779169,3,5.6,5,2,Burger Joint
133,Tabacalera,36.69905269846253,-4.438674943199127,56f154f8498e7b651e829a66,Litoral Pacífico,36.69615552693669,-4.437944728351422,5,8.0,17,13,Mediterranean Restaurant
134,Tabacalera,36.69905269846253,-4.438674943199127,51b78140498e2b16148b0433,Merendero Casa José,36.69955376482411,-4.435390277872295,2,7.3,7,14,Seafood Restaurant
135,Tabacalera,36.69905269846253,-4.438674943199127,4e4a6f25cc3f549fa825188e,Burger King,36.696695735365886,-4.438025838720633,13,6.2,15,42,Fast Food Restaurant
136,Tabacalera,36.69905269846253,-4.438674943199127,4c645b9c7b241b8d0c1ac4ac,Chiringuiro Los Compadres,36.69760823249817,-4.4366902112960815,4,5.9,3,7,Spanish Restaurant
137,Teatinos,36.72189510295635,-4.45996850213086,4e2a842c62e144b5d3a2433a,Cafetería El Colmenero de Alhaurín,36.720319542774014,-4.460372024239214,5,6.5,4,7,Café
138,Los molinos,36.728099492610696,-4.468556307939865,4bf52fc094af2d7f42603b72,Burger King,36.73108334627511,-4.468861571106539,5,6.3,8,9,Fast Food Restaurant
139,Haza cuevas,36.71962567698582,-4.4370778400339015,4fd513367bebfa22722a5c57,De La Mota Café,36.721413644543496,-4.432706578091716,3,7.2,14,18,Café
140,Marmoles,36.72031125252147,-4.432229541374743,4d9d692c8ab0530c96b7467e,El Oasis de Juani,36.71835607307773,-4.428151837495996,5,5.6,4,10,Café
141,Castillo santa catalina,36.724835926435176,-4.394148842470715,4c041da958dad13a95364897,Limonar 40,36.72773210779663,-4.397914096870283,11,7.1,16,54,Spanish Restaurant
142,Campanillas,36.726315276367664,-4.5438283359097555,4c4db6c9c1f5ef3b434501ab,El Rondón,36.7286124,-4.5477608,14,7.7,21,16,Spanish Restaurant
143,Campanillas,36.726315276367664,-4.5438283359097555,4b91153af964a520e5a233e3,La Caprichosa,36.728647031,-4.547565773,22,6.6,22,21,Pizza Place
144,Comercial villarosa,36.66814763876379,-4.468903900243221,4d88bba7d85f3704889ad7db,Pizzería Frascati,36.66590937042428,-4.464675078481602,7,7.5,11,9,Pizza Place
145,Almudena,36.68688524806283,-4.450298446249525,4da9cc5343a1128196e7345b,Café Carambuco,36.688681400758455,-4.454964688724363,10,8.2,25,13,Café
146,Almudena,36.68688524806283,-4.450298446249525,4de01b2ad4c040523e9c3b74,Cervecería La Granaína,36.688316338713506,-4.454069960523126,19,7.4,24,32,Tapas Restaurant
147,Almudena,36.68688524806283,-4.450298446249525,4c6d8b67f338236a1af1071b,Dallas,36.68889090392933,-4.451671493853838,7,6.5,9,3,Burger Joint
148,Almudena,36.68688524806283,-4.450298446249525,558b1298498e5c83b1ce1ece,Jalar Casual Restaurant,36.6896008679609,-4.450890659985262,5,6.6,9,8,Tapas Restaurant
149,Almudena,36.68688524806283,-4.450298446249525,4bafc1e8f964a520461e3ce3,Bocatas Juanma,36.68794939525201,-4.452141059543199,12,5.4,7,17,Burger Joint
150,Ciudad santa ines,36.72408156413331,-4.4692014337162025,4da0c35fbf22a14331888bf8,Tipik,36.72096928887146,-4.472922908105633,15,5.4,11,13,Tapas Restaurant
151,Ciudad santa ines,36.72408156413331,-4.4692014337162025,4d73f3b89a296ea8294f4fa9,Bar Tapamania,36.72041587996851,-4.4717958665072075,6,5.3,5,12,Tapas Restaurant
152,Ciudad santa ines,36.72408156413331,-4.4692014337162025,4d092c7a4adb3704711f0155,Hamburguesería Parlamento,36.721638096388936,-4.472747823274054,8,5.1,3,3,Burger Joint
153,Los ramos,36.729677909824794,-4.472326323366262,4bbc53fbed7776b02c803f51,Cafe Atalaya,36.72621117875944,-4.47427637693146,9,5.7,4,8,Café
154,La goleta,36.724703043076616,-4.424319226713913,51f6a671498eac77a233c0de,Luke's Bar,36.721123,-4.424174,3,7.1,5,7,German Restaurant
155,La goleta,36.724703043076616,-4.424319226713913,4ed001d10e61efa330940948,Malapizza,36.72130364838921,-4.423519860494369,10,6.9,12,22,Italian Restaurant
156,La goleta,36.724703043076616,-4.424319226713913,523218ae11d2e9da3fe57b3f,La Mafia,36.721116298391635,-4.422620100522591,14,7.2,51,51,Italian Restaurant
157,La goleta,36.724703043076616,-4.424319226713913,4d28782255a8b60c1399cdc0,La Bodeguita de Carlos,36.72066975486604,-4.422763092016096,6,7.0,5,8,Spanish Restaurant
158,La goleta,36.724703043076616,-4.424319226713913,4c2de5ab4e132d7f3d1e9ddf,Alea Restaurante,36.72087537112774,-4.424074604186769,10,6.6,20,66,Gastropub
159,La goleta,36.724703043076616,-4.424319226713913,4dbc68d85da3ff58ec4b0384,Plaza 16,36.72141745586291,-4.423420575089149,13,5.9,6,24,Café
160,La goleta,36.724703043076616,-4.424319226713913,5494358d498ebaae30195e46,Astrid,36.720280461902064,-4.424122554495586,9,6.1,14,13,Modern European Restaurant
161,Plaza de toros vieja,36.711845242309224,-4.427464547540838,4cd55da294848cfa29b3e5b1,Recoleta Steak House,36.71412478709954,-4.424277895751756,3,7.3,6,6,Argentinian Restaurant
162,Plaza de toros vieja,36.711845242309224,-4.427464547540838,573255b3498ea705007c2e4a,Alma Alpujarreña Taberna,36.714706,-4.424462,2,5.5,4,3,Spanish Restaurant
163,Arroyo de los angeles,36.73066837782918,-4.432974813058113,52a5cbc911d27fc431160ce4,Pizzeria NeNiNa,36.73355675130565,-4.433666614718655,5,7.6,12,8,Pizza Place
164,Arroyo de los angeles,36.73066837782918,-4.432974813058113,4ba21eadf964a52028dd37e3,El Jardín,36.733800177126795,-4.433378858124179,12,7.6,13,12,Chinese Restaurant
165,Arroyo de los angeles,36.73066837782918,-4.432974813058113,4d82fa0d61676dcb879b51e4,Restaurante Bar Oña 1,36.72694889344208,-4.430049008430344,23,7.1,27,57,Spanish Restaurant
166,Mangas verdes,36.74142334881605,-4.417535610823137,4c3f07c1b8b4be9ad2e5ccef,Marisqueria El Cateto,36.74444804687116,-4.415152040685539,5,6.7,5,6,Seafood Restaurant
167,Loma del campo,36.73450344465125,-4.5747557290622165,4df75b8f63650892a289de0b,Bar La Parada,36.73419098213968,-4.575672426565199,2,7.5,8,3,Spanish Restaurant
168,Loma del campo,36.73450344465125,-4.5747557290622165,5144634de4b086fefc1a14e1,Mesón Piqueras,36.73338892555886,-4.573044430011765,6,7.1,14,8,Spanish Restaurant
169,Malaga 2000,36.68675615562567,-4.459348104007909,502a2084e0e2bb4cf7102e14,Dunkin' Coffee,36.686641236325315,-4.459148545920847,4,7.2,11,25,Donut Shop
170,Malaga 2000,36.68675615562567,-4.459348104007909,5116c598e4b0eb6a99cd2711,Los ibéricos del sur,36.686971215033566,-4.456655463977386,12,7.4,9,10,Tapas Restaurant
171,Malaga 2000,36.68675615562567,-4.459348104007909,4bb490465148d13a05a6523b,McDonald's,36.68747813000851,-4.460199681531284,11,5.8,15,15,Fast Food Restaurant
172,Malaga 2000,36.68675615562567,-4.459348104007909,4bfc0bd61be376b09310f8b4,Café Moliere,36.68892451110641,-4.45549635706988,7,5.8,11,15,Café
173,Malaga 2000,36.68675615562567,-4.459348104007909,4c245ef9f7ced13a75c3226d,Gran Café,36.68355248045286,-4.456775252200459,7,5.9,7,5,Café
174,Malaga 2000,36.68675615562567,-4.459348104007909,4ddb94ab52b1cb916cc707cd,Burger King,36.686460088227186,-4.45728944313437,6,5.2,13,18,Fast Food Restaurant
175,Pol ind guadaljaire,36.6922647230901,-4.460241254044231,4dbb1b9a6e815ab0de63089e,Burguer Los Piratas,36.69281554721102,-4.458768218772032,5,6.2,6,2,Burger Joint
176,Perchel norte,36.71923649852756,-4.427464101696313,561ffc36498ecd5d2eef9fc7,Madame Suzanne,36.715847,-4.4239807,6,6.9,11,15,Gastropub
177,Perchel norte,36.71923649852756,-4.427464101696313,4c803ab651ada1cd28080810,Restaurante La Ménsula,36.71676301208592,-4.423516013864118,13,6.9,12,23,Spanish Restaurant
178,Perchel norte,36.71923649852756,-4.427464101696313,575fd5ad498e082009d306e0,100 Montaditos,36.71887309447045,-4.423670525150928,1,6.5,8,12,Sandwich Place
179,Perchel norte,36.71923649852756,-4.427464101696313,51a90356abd8a053e6bb6ac6,Bar Los Pueblos Alameda,36.71759176331834,-4.4226525607552025,3,6.8,5,7,Spanish Restaurant
180,Perchel norte,36.71923649852756,-4.427464101696313,4d592a2624466ea87444749f,Los Pueblos Restaurante,36.718127319067186,-4.42451681478658,12,6.3,5,12,Spanish Restaurant
181,Perchel norte,36.71923649852756,-4.427464101696313,4bc8ceec3740b713276c5d65,Alameda Martiricos,36.717391,-4.423392,5,6.4,6,7,Mediterranean Restaurant
182,Perchel norte,36.71923649852756,-4.427464101696313,55c5a547498e7e9a78dc6c8c,Restaurante La Barbacana,36.721778869628906,-4.424978256225586,1,5.9,4,4,Spanish Restaurant
183,Perchel norte,36.71923649852756,-4.427464101696313,52d00526498eecb79a41d465,La Frambuesa,36.71774571215836,-4.42576259560943,4,5.8,4,11,Bakery
184,La trinidad,36.7248254370851,-4.4309700650827555,4bd1fd09462cb713cc58db07,Papulinos,36.72618694309735,-4.427349766358813,6,6.8,13,16,Steakhouse
185,La palma,36.739311476683135,-4.432514111339541,4c814a01d8086dcb4f866b52,Burger King,36.73642605745334,-4.4344153712024355,2,5.4,1,3,Fast Food Restaurant
186,Arraijanal,36.66153822821993,-4.4661293240244655,4c0e2eebb1b676b0f296e186,Chiringuito La Traviata,36.658332,-4.464942,4,6.4,5,11,Seafood Restaurant
187,Arraijanal,36.66153822821993,-4.4661293240244655,52039c50498eaff1995622c5,Safo Beach,36.661477280648995,-4.461764709220653,5,6.4,3,13,Breakfast Spot
188,Mainake,36.687959613429264,-4.455295265250891,4ca9c8bbb0b8236a9650c0e6,La Piká,36.683722,-4.454594,3,6.8,8,3,Mediterranean Restaurant
189,Mainake,36.687959613429264,-4.455295265250891,4e1ee954d16488cf82fae23f,La Piká de los Compadres,36.68360625017966,-4.4545598891668945,12,6.3,4,12,Seafood Restaurant
190,Ind nuevo san andres,36.700369707618734,-4.4540138765420005,4e483bc5227128e1e8e35bf4,Hamburguesería Munich,36.699668,-4.451418,4,6.5,4,2,Burger Joint
191,Hacienda bizcochero,36.71644265262748,-4.462894006356425,4f102b9ae4b072565b3f4d8b,La Raiz,36.71721350307211,-4.461816521285402,17,8.3,38,30,Tapas Restaurant
192,Hacienda bizcochero,36.71644265262748,-4.462894006356425,58c3125a9b7eac18097d1948,La Calle Burger,36.71586,-4.4630795,2,8.0,7,4,Burger Joint
193,Hacienda bizcochero,36.71644265262748,-4.462894006356425,4b69f4ddf964a5201fbe2be3,Matahambre,36.71741834564096,-4.463188469892792,36,7.6,70,65,Tapas Restaurant
194,Hacienda bizcochero,36.71644265262748,-4.462894006356425,4bdec9c2ffdec928db95e9a1,Pura Gula,36.71649256514871,-4.462942109421432,14,6.8,9,18,Pizza Place
195,Hacienda bizcochero,36.71644265262748,-4.462894006356425,4b80486af964a520056430e3,Wok Express,36.71487719213522,-4.465067040933456,10,5.8,7,16,Asian Restaurant
196,Hacienda bizcochero,36.71644265262748,-4.462894006356425,4eeb456e61af0a76cebdf1c0,La Caprichosa,36.715766443,-4.461850935,8,5.8,11,23,Pizza Place
197,Hacienda bizcochero,36.71644265262748,-4.462894006356425,4c026058cbd876b0612df143,O Mamma Mia,36.716912982987616,-4.4633137157128235,18,5.5,16,24,Italian Restaurant
198,Hacienda bizcochero,36.71644265262748,-4.462894006356425,4d0a7eb56aa05481fbc0e4aa,100 Montaditos,36.71711016798826,-4.463467721938957,12,5.3,14,19,Sandwich Place
199,Ind san alberto,36.73389399801179,-4.45170971039817,4e597970b993732579ea51c8,Cortijo Los Chalanes,36.73475478396686,-4.453158069796781,5,7.9,10,21,Spanish Restaurant
200,El candado,36.71918981924058,-4.344225511194743,4e3bbd661f6e844231cd8aaa,La Taberna del Puerto,36.71501301553175,-4.345908164978027,7,7.4,4,9,Mediterranean Restaurant
201,Palacio deportes,36.682082361180186,-4.459484405409373,58dc0ceaa37d72069424acbf,Trattoria Mamma Franca,36.68300754601335,-4.455327957507313,6,8.4,10,3,Italian Restaurant
202,Palacio deportes,36.682082361180186,-4.459484405409373,4d73a60abce5721e89aede15,La Scala,36.68320418727782,-4.455882289972492,30,7.1,25,25,Italian Restaurant
203,Parq emp san luis,36.70361649161868,-4.473461873810371,4d53b6775c9d236aaa5af5ce,Los Puntales,36.7036975850648,-4.473211088879849,4,6.4,5,6,Spanish Restaurant
204,Venta el detalle,36.794548596852906,-4.376649242121457,4bc78cc593bdeee1138137ae,Hotel Cortijo La Reina,36.79688615,-4.37529805,15,6.1,7,29,Mediterranean Restaurant
